-- phpMyAdmin SQL Dump
-- version 5.2.1
-- https://www.phpmyadmin.net/
--
-- Host: 127.0.0.1
-- Generation Time: Mar 16, 2026 at 09:18 AM
-- Server version: 10.4.32-MariaDB
-- PHP Version: 8.0.30

SET SQL_MODE = "NO_AUTO_VALUE_ON_ZERO";
START TRANSACTION;
SET time_zone = "+00:00";


/*!40101 SET @OLD_CHARACTER_SET_CLIENT=@@CHARACTER_SET_CLIENT */;
/*!40101 SET @OLD_CHARACTER_SET_RESULTS=@@CHARACTER_SET_RESULTS */;
/*!40101 SET @OLD_COLLATION_CONNECTION=@@COLLATION_CONNECTION */;
/*!40101 SET NAMES utf8mb4 */;

--
-- Database: `hrsys`
--

-- --------------------------------------------------------

--
-- Table structure for table `departments`
--

CREATE TABLE `departments` (
  `id` int(11) NOT NULL,
  `name` varchar(100) NOT NULL,
  `company` varchar(20) DEFAULT 'FJB',
  `created_at` timestamp NOT NULL DEFAULT current_timestamp()
) ENGINE=InnoDB DEFAULT CHARSET=utf8mb4 COLLATE=utf8mb4_unicode_ci;

--
-- Dumping data for table `departments`
--

INSERT INTO `departments` (`id`, `name`, `company`, `created_at`) VALUES
(1, 'TOP MANAGEMENT', 'FJB', '2026-03-16 04:11:13'),
(2, 'CEO OFFICE', 'FJB', '2026-03-16 04:11:13'),
(3, 'HUMAN RESOURCE/ADMIN', 'FJB', '2026-03-16 04:11:13'),
(4, 'ACCOUNT & FINANCE', 'FJB', '2026-03-16 04:11:13'),
(5, 'PROCUREMENT', 'FJB', '2026-03-16 04:11:13'),
(6, 'FGV BULKERS KL OFFICE', 'FJB', '2026-03-16 04:11:13'),
(7, 'CORPORATE SERVICES', 'FJB', '2026-03-16 04:11:13'),
(8, 'SUPPLY CHAIN & COMMERCIAL', 'FJB', '2026-03-16 04:11:13'),
(9, '(SHIPPING & ZONE COORDINATOR)', 'FJB', '2026-03-16 04:11:13'),
(10, '(BUSINESS DEVELOPMENT)', 'FJB', '2026-03-16 04:11:13'),
(11, '(BUSINESS RELATION & COMMERCIAL ACTIVITIES)', 'FJB', '2026-03-16 04:11:13'),
(12, '(TANK MANAGEMENT)', 'FJB', '2026-03-16 04:11:13'),
(13, '(CONTRACT & BILLING)', 'FJB', '2026-03-16 04:11:13'),
(14, 'ENGINEERING/ SAFETY', 'FJB', '2026-03-16 04:11:13'),
(15, 'SAFETY & SECURITY', 'FJB', '2026-03-16 04:11:13'),
(16, 'ICT UNIT', 'FJB', '2026-03-16 04:11:13'),
(17, 'TQM/ GOVERNANCE/ LABORATORY', 'FJB', '2026-03-16 04:11:13'),
(18, 'GOVERNANCE/ RISK/ BCM', 'FJB', '2026-03-16 04:11:13'),
(19, 'LABORATORY', 'FJB', '2026-03-16 04:11:13'),
(20, 'OPERATION (HEAD OF ZONE A)', 'FJB', '2026-03-16 04:11:13'),
(21, 'FACILITIES MANAGEMENT UNIT/TERMINAL 4/LBSB (SECTION 3)', 'FJB', '2026-03-16 04:11:13'),
(22, 'STOCK/ SHIPMENT/ JETTY/ WEIGH BRIDGE (SECTION 2)', 'FJB', '2026-03-16 04:11:13'),
(23, 'OPERATIONS ADMIN & BILLING (SECTION 2)', 'FJB', '2026-03-16 04:11:13'),
(24, 'STOCK (SECTION 2)', 'FJB', '2026-03-16 04:11:13'),
(25, 'JETTY /SHIPPMENT/ WEIGH BRIDGE (SECTION 2)', 'FJB', '2026-03-16 04:11:13'),
(26, 'WEIGHBRIDGE (SECTION 2)', 'FJB', '2026-03-16 04:11:13'),
(27, 'OPERATION (TERMINAL1,2,3 SECTION 1)', 'FJB', '2026-03-16 04:11:13'),
(28, 'OPERATION SHIFT LEADER & SHORE EXEC (SECTION 1)', 'FJB', '2026-03-16 04:11:13'),
(29, 'OPERATOR I/ SECTION 1', 'FJB', '2026-03-16 04:11:13'),
(30, 'OPERATOR II/ SECTION 1', 'FJB', '2026-03-16 04:11:13'),
(31, 'OPERATOR III/ SECTION 1', 'FJB', '2026-03-16 04:11:13'),
(32, 'OPERATOR IV/ SECTION 1', 'FJB', '2026-03-16 04:11:13'),
(33, 'FGV BULKERS SDN BHD-TERMINAL 4/FOD (SECTION 3)', 'FJB', '2026-03-16 04:11:13'),
(34, 'LANGSAT BULKERS SDN BHD -TERMINAL 5 (SECTION 3)', 'FJB', '2026-03-16 04:11:13'),
(35, 'FGV GRAINS TERMINAL SDN BHD (SECTION 4)', 'FJB', '2026-03-16 04:11:13'),
(36, 'KBI', 'FBSB', '2026-03-16 04:11:13'),
(37, 'KOBI', 'FBSB', '2026-03-16 04:11:13'),
(38, 'PKBI', 'FBSB', '2026-03-16 04:11:13'),
(39, 'LDBI', 'FBSB', '2026-03-16 04:11:13'),
(40, 'SBI', 'FBSB', '2026-03-16 04:11:13');

-- --------------------------------------------------------

--
-- Table structure for table `family_members`
--

CREATE TABLE `family_members` (
  `id` int(11) NOT NULL,
  `staff_id` int(11) DEFAULT NULL,
  `employee_name` varchar(100) NOT NULL,
  `department` varchar(50) NOT NULL,
  `family_member_name` varchar(100) NOT NULL,
  `relationship` enum('Spouse','Child','Parent','Sibling') NOT NULL,
  `date_of_birth` date DEFAULT NULL,
  `emergency_contact` enum('Yes','No') DEFAULT 'No',
  `phone_number` varchar(20) DEFAULT NULL,
  `created_by` int(11) DEFAULT NULL,
  `created_at` timestamp NOT NULL DEFAULT current_timestamp(),
  `updated_at` timestamp NOT NULL DEFAULT current_timestamp() ON UPDATE current_timestamp()
) ENGINE=InnoDB DEFAULT CHARSET=utf8mb4 COLLATE=utf8mb4_unicode_ci;

-- --------------------------------------------------------

--
-- Table structure for table `meeting_rooms`
--

CREATE TABLE `meeting_rooms` (
  `id` int(11) NOT NULL,
  `name` varchar(100) NOT NULL,
  `description` varchar(200) DEFAULT NULL,
  `capacity` int(11) NOT NULL,
  `color_class` varchar(50) DEFAULT NULL
) ENGINE=InnoDB DEFAULT CHARSET=utf8mb4 COLLATE=utf8mb4_unicode_ci;

--
-- Dumping data for table `meeting_rooms`
--

INSERT INTO `meeting_rooms` (`id`, `name`, `description`, `capacity`, `color_class`) VALUES
(1, 'Boardroom', 'Main boardroom with projector and video conferencing', 10, 'room-blue'),
(2, 'Discussion Room', 'Mid-size room for team discussions', 6, 'room-green'),
(3, 'Huddle Room', 'Small room for quick meetings', 4, 'room-orange');

-- --------------------------------------------------------

--
-- Table structure for table `room_bookings`
--

CREATE TABLE `room_bookings` (
  `id` int(11) NOT NULL,
  `room_id` int(11) NOT NULL,
  `booked_by_id` int(11) NOT NULL,
  `booked_by_name` varchar(100) NOT NULL,
  `booking_date` date NOT NULL,
  `start_time` time NOT NULL,
  `end_time` time NOT NULL,
  `purpose` text DEFAULT NULL,
  `created_at` timestamp NOT NULL DEFAULT current_timestamp(),
  `updated_at` timestamp NOT NULL DEFAULT current_timestamp() ON UPDATE current_timestamp()
) ENGINE=InnoDB DEFAULT CHARSET=utf8mb4 COLLATE=utf8mb4_unicode_ci;

-- --------------------------------------------------------

--
-- Table structure for table `staff`
--

CREATE TABLE `staff` (
  `id` int(11) NOT NULL,
  `staff_no` varchar(20) NOT NULL,
  `name` varchar(150) NOT NULL,
  `position` varchar(200) DEFAULT NULL,
  `department_id` int(11) DEFAULT NULL,
  `company` varchar(10) DEFAULT 'FJB',
  `email` varchar(150) DEFAULT NULL,
  `is_active` tinyint(1) DEFAULT 1,
  `created_at` timestamp NOT NULL DEFAULT current_timestamp(),
  `updated_at` timestamp NOT NULL DEFAULT current_timestamp() ON UPDATE current_timestamp()
) ENGINE=InnoDB DEFAULT CHARSET=utf8mb4 COLLATE=utf8mb4_unicode_ci;

--
-- Dumping data for table `staff`
--

INSERT INTO `staff` (`id`, `staff_no`, `name`, `position`, `department_id`, `company`, `email`, `is_active`, `created_at`, `updated_at`) VALUES
(1, '3600134', 'Hj Kamaradin Bin Selamat', 'Chief Executive Officer', 1, 'FJB', NULL, 1, '2026-03-16 04:11:13', '2026-03-16 04:11:13'),
(2, '3600353', 'Hj Mohd Izuddin Bin Selamat', 'Snr. General Manager(COO)', 1, 'FJB', NULL, 1, '2026-03-16 04:11:13', '2026-03-16 04:11:13'),
(3, '3600358', 'Nor Azilawati Binti  A. Karim', 'Secretary', 2, 'FJB', NULL, 1, '2026-03-16 04:11:13', '2026-03-16 04:11:13'),
(4, '3600907', 'Muhamad Nor Hanif Bin Hasman', 'CEO, Driver', 2, 'FJB', NULL, 1, '2026-03-16 04:11:13', '2026-03-16 04:11:13'),
(5, '3600149', 'Hjh Aslila Binti Mohd Bakri', 'Snr.Manager (HRBP FJB Group)', 3, 'FJB', NULL, 1, '2026-03-16 04:11:13', '2026-03-16 04:11:13'),
(6, '2700391', 'Muhammad Sofi Bin Suhaimai', 'Executive (HR Operation)', 3, 'FJB', NULL, 1, '2026-03-16 04:11:13', '2026-03-16 04:11:13'),
(7, '3600725', 'Nor Hayati Binti Mat Ripin', 'Snr. Executive (Staffing Lead)', 3, 'FJB', NULL, 1, '2026-03-16 04:11:13', '2026-03-16 04:11:13'),
(8, '3600743', 'Hasnah Binti Alias', 'Executive (HR)', 3, 'FJB', NULL, 1, '2026-03-16 04:11:13', '2026-03-16 04:11:13'),
(9, '3600241', 'Zailizan Bin Ahmad', 'Executive', 3, 'FJB', NULL, 1, '2026-03-16 04:11:13', '2026-03-16 04:11:13'),
(10, '3600733', 'Intan Khazilah Binti Mohmad Lazi', 'Executive', 3, 'FJB', NULL, 1, '2026-03-16 04:11:13', '2026-03-16 04:11:13'),
(11, '7300599', 'Nur Nadiah Binti Md Yusof', 'Executive', 3, 'FJB', NULL, 1, '2026-03-16 04:11:13', '2026-03-16 04:11:13'),
(12, '3600604', 'Herman Bin Abdul Halim', 'Kerani HR III', 3, 'FJB', NULL, 1, '2026-03-16 04:11:13', '2026-03-16 04:11:13'),
(13, '3600804', 'Muhamad Fouad Bin Abdul Razak', 'Kerani (Unit Gaji) III', 3, 'FJB', NULL, 1, '2026-03-16 04:11:13', '2026-03-16 04:11:13'),
(14, '3600772', 'Zulkepli Bin Khamis @ Talib', 'Dispatch Cum Driver', 3, 'FJB', NULL, 1, '2026-03-16 04:11:13', '2026-03-16 04:11:13'),
(15, '3600713', 'Mozammir Bin Rosli', 'Snr. Manager (Head of Finance)', 4, 'FJB', NULL, 1, '2026-03-16 04:11:13', '2026-03-16 04:11:13'),
(16, '3600165', 'Nooryati Binti Hassan', 'Finance Manager', 4, 'FJB', NULL, 1, '2026-03-16 04:11:13', '2026-03-16 04:11:13'),
(17, '3600858', 'Mohd Azwan Bin Yusof', 'Senior Account Executive', 4, 'FJB', NULL, 1, '2026-03-16 04:11:13', '2026-03-16 04:11:13'),
(18, '2700280', 'Abdul Rashid Bin Zamrin', 'Executive (Accounts)', 4, 'FJB', NULL, 1, '2026-03-16 04:11:13', '2026-03-16 04:11:13'),
(19, '3600757', 'Izwan Bin Samsuri', 'Executive (Accounts)', 4, 'FJB', NULL, 1, '2026-03-16 04:11:13', '2026-03-16 04:11:13'),
(20, '3600290', 'Zunita Binti Jamari', 'Executive, Finance', 4, 'FJB', NULL, 1, '2026-03-16 04:11:13', '2026-03-16 04:11:13'),
(21, '3600765', 'Muhammad Muizuddin Bin Bahtiar', 'Executive, Finance', 4, 'FJB', NULL, 1, '2026-03-16 04:11:13', '2026-03-16 04:11:13'),
(22, '3600606', 'Nurulhezah Binti  Mat Lah', 'Accounts Clerk I', 4, 'FJB', NULL, 1, '2026-03-16 04:11:13', '2026-03-16 04:11:13'),
(23, '3600823', 'Nurulain Binti Abdul Hamid', 'Account Clerk III', 4, 'FJB', NULL, 1, '2026-03-16 04:11:13', '2026-03-16 04:11:13'),
(24, '3600832', 'Nurfarah Syuhada Binti Norazman', 'Senior Executive (Head, Procurement)', 5, 'FJB', NULL, 1, '2026-03-16 04:11:13', '2026-03-16 04:11:13'),
(25, '2700284', 'Che Ku Shahrudin Bin Che Ku Ngah', 'Executive Procurement', 5, 'FJB', NULL, 1, '2026-03-16 04:11:13', '2026-03-16 04:11:13'),
(26, '3600321', 'Hairul Anuar Bin Mohd Yusof@Jaffar', 'Executive Procurement', 5, 'FJB', NULL, 1, '2026-03-16 04:11:13', '2026-03-16 04:11:13'),
(27, '3600369', 'Aryanto Bin Sabirin', 'Clerk, Procurement', 5, 'FJB', NULL, 1, '2026-03-16 04:11:13', '2026-03-16 04:11:13'),
(28, '3600879', 'Mohd Hariz Syazwan Bin Norhafiz', 'Store Clerk', 5, 'FJB', NULL, 1, '2026-03-16 04:11:13', '2026-03-16 04:11:13'),
(29, '3600916', 'Mohamad Shahrul Iqmal Bin Md Nizam', 'Clerk, Procurement', 5, 'FJB', NULL, 1, '2026-03-16 04:11:13', '2026-03-16 04:11:13'),
(30, '3600548', 'Badrul Hisham Bin Ismail', 'General Manager (Head of Zone B)', 6, 'FJB', NULL, 1, '2026-03-16 04:11:13', '2026-03-16 04:11:13'),
(31, '3600605', 'Mohd Faizal Bin Muhamad', 'Manager (Head of Finance)', 6, 'FJB', NULL, 1, '2026-03-16 04:11:13', '2026-03-16 04:11:13'),
(32, '2100226', 'Zulkarnain Bin Yusof', 'Executive Admin', 6, 'FJB', NULL, 1, '2026-03-16 04:11:13', '2026-03-16 04:11:13'),
(33, '3800508', 'Muhammad Zamir Bin Zainal Abidin', 'Executive Account', 6, 'FJB', NULL, 1, '2026-03-16 04:11:13', '2026-03-16 04:11:13'),
(34, '3000250', 'Yuslizawati Binti Yunan', 'Accounts Clerk', 6, 'FJB', NULL, 1, '2026-03-16 04:11:13', '2026-03-16 04:11:13'),
(35, '2700255', 'Mohd Bakri Bin Mohd Sahib', 'Manager ( Head, Corporate Services)', 7, 'FJB', NULL, 1, '2026-03-16 04:11:13', '2026-03-16 04:11:13'),
(36, '3600511', 'Mohd Azrull Bin Masnam', 'Executive, Corporate Comunication', 7, 'FJB', NULL, 1, '2026-03-16 04:11:13', '2026-03-16 04:11:13'),
(37, '2700389', 'Mohd Ridhwan Bin Mohd Ashari', 'Executive, Special Project', 7, 'FJB', NULL, 1, '2026-03-16 04:11:13', '2026-03-16 04:11:13'),
(38, '3600365', 'B. Uma Nair d/o C K Balachandran', 'Snr.Manager (Head of Department)', 8, 'FJB', NULL, 1, '2026-03-16 04:11:13', '2026-03-16 04:11:13'),
(39, '3600489', 'Ahmad Rohaizad Bin Mohamad', 'Manager (Head of Unit)', 9, 'FJB', NULL, 1, '2026-03-16 04:11:13', '2026-03-16 04:11:13'),
(40, '3600856', 'Nurul Aina Binti Nordin', 'Executive (Shipping & Commercial)', 9, 'FJB', NULL, 1, '2026-03-16 04:11:13', '2026-03-16 04:11:13'),
(41, '3600830', 'Nur Amirah Binti Rahmat', 'Executive (Shipping)', 9, 'FJB', NULL, 1, '2026-03-16 04:11:13', '2026-03-16 04:11:13'),
(42, '3600182', 'Hisham Bin Hassan', 'Shipping Clerk I', 9, 'FJB', NULL, 1, '2026-03-16 04:11:13', '2026-03-16 04:11:13'),
(43, '3600342', 'Nurul Akmar Binti Arith', 'Shipping Clerk I', 9, 'FJB', NULL, 1, '2026-03-16 04:11:13', '2026-03-16 04:11:13'),
(44, '3600575', 'Mohd Ain Bin Nordin', 'Shipping Clerk II', 9, 'FJB', NULL, 1, '2026-03-16 04:11:13', '2026-03-16 04:11:13'),
(45, '3600803', 'Mohamad Zairi Bin Jimat @ Ahmad', 'Shipping Clerk IV', 9, 'FJB', NULL, 1, '2026-03-16 04:11:13', '2026-03-16 04:11:13'),
(46, '3600868', 'Intan Syafiqah Binti Hyder Ali Tajuddin', 'Executive Business', 10, 'FJB', NULL, 1, '2026-03-16 04:11:13', '2026-03-16 04:11:13'),
(47, '7300472', 'Aini Sarah Binti Zaifor', 'Executive Business', 10, 'FJB', NULL, 1, '2026-03-16 04:11:13', '2026-03-16 04:11:13'),
(48, '3600523', 'Yeo Chee Wai', 'Manager (Head of Unit)', 11, 'FJB', NULL, 1, '2026-03-16 04:11:13', '2026-03-16 04:11:13'),
(49, '3600881', 'Mohammad Shaiful Rezzuan Bin Roslee', 'Executive (Commercial)', 11, 'FJB', NULL, 1, '2026-03-16 04:11:13', '2026-03-16 04:11:13'),
(50, '3600491', 'Mahadzir Bin Marjonet', 'Manager (Head of Tank Management Unit)', 12, 'FJB', NULL, 1, '2026-03-16 04:11:13', '2026-03-16 04:11:13'),
(51, '3600240', 'Siti Hanim Binti  Hashim', 'Executive', 13, 'FJB', NULL, 1, '2026-03-16 04:11:13', '2026-03-16 04:11:13'),
(52, '3600674', 'Nurul Hidayah Binti Zaidee', 'Opn. Clerk Grade IV', 13, 'FJB', NULL, 1, '2026-03-16 04:11:13', '2026-03-16 04:11:13'),
(53, '3600901', 'Nur Atifa Nabila Binti Yussof', 'Temporary Clerk', 13, 'FJB', NULL, 1, '2026-03-16 04:11:13', '2026-03-16 04:11:13'),
(54, '3600374', 'Toh Yeow Chong', 'General Manager (Head of Engineering)', 14, 'FJB', NULL, 1, '2026-03-16 04:11:13', '2026-03-16 04:11:13'),
(55, '3600595', 'Hj Shamsul Bahar Bin Abdul Kadir', 'Manager (Head of Unit Maintenace )', 14, 'FJB', NULL, 1, '2026-03-16 04:11:13', '2026-03-16 04:11:13'),
(56, '3600569', 'Samsuri Bin Ismail', 'Manager ( Head of Project Unit)', 14, 'FJB', NULL, 1, '2026-03-16 04:11:13', '2026-03-16 04:11:13'),
(57, '3600741', 'Badruzzaman Bin Abd Wahab', 'Snr.Technical  Executive', 14, 'FJB', NULL, 1, '2026-03-16 04:11:13', '2026-03-16 04:11:13'),
(58, '2700307', 'Muhamad Hafiz Bin Zulkifli', 'Snr .Technical Executive', 14, 'FJB', NULL, 1, '2026-03-16 04:11:13', '2026-03-16 04:11:13'),
(59, '3600848', 'Mohd Nor Sharifuddin Bin Salleh', 'Technical Executive', 14, 'FJB', NULL, 1, '2026-03-16 04:11:13', '2026-03-16 04:11:13'),
(60, '3600905', 'Nazurah Binti Mohd Noor Aini', 'Technical Executive', 14, 'FJB', NULL, 1, '2026-03-16 04:11:13', '2026-03-16 04:11:13'),
(61, '3600177', 'Hj Zaifor Bin Madon', 'Executive (Technical)', 14, 'FJB', NULL, 1, '2026-03-16 04:11:13', '2026-03-16 04:11:13'),
(62, '3600171', 'Hj Zulkarnain Bin Musa', 'Executive (Electrical)', 14, 'FJB', NULL, 1, '2026-03-16 04:11:13', '2026-03-16 04:11:13'),
(63, '73000', 'Ahmad Waei Bin Mohd Azmi', 'Technical Executive', 14, 'FJB', NULL, 1, '2026-03-16 04:11:13', '2026-03-16 04:11:13'),
(64, '3600587', 'Siti Mas Izeani Binti Masram', 'Clerk I', 14, 'FJB', NULL, 1, '2026-03-16 04:11:13', '2026-03-16 04:11:13'),
(65, '3600753', 'Nur Maisarah Binti Mazlan', 'Clerk IV', 14, 'FJB', NULL, 1, '2026-03-16 04:11:13', '2026-03-16 04:11:13'),
(66, '3600302', 'Mohd Amir Bin Md Lani', 'Special Grade Technical (B)', 14, 'FJB', NULL, 1, '2026-03-16 04:11:13', '2026-03-16 04:11:13'),
(67, '3600404', 'Fauzan Bin Dahalan', 'Special Grade Technical (E)', 14, 'FJB', NULL, 1, '2026-03-16 04:11:13', '2026-03-16 04:11:13'),
(68, '3600781', 'Nur Farzli Bin Narawi', 'Technical I (B)', 14, 'FJB', NULL, 1, '2026-03-16 04:11:13', '2026-03-16 04:11:13'),
(69, '1207517', 'Hamdan Bin Abdul Rahman', 'Technical I (M)', 14, 'FJB', NULL, 1, '2026-03-16 04:11:13', '2026-03-16 04:11:13'),
(70, '3600636', 'Mohamad Nazir Bin Said', 'Technical I (FM)', 14, 'FJB', NULL, 1, '2026-03-16 04:11:13', '2026-03-16 04:11:13'),
(71, '3600463', 'Mohd Fairus Bin Zainodin', 'Technical I (E)', 14, 'FJB', NULL, 1, '2026-03-16 04:11:13', '2026-03-16 04:11:13'),
(72, '3600315', 'Abd Razak Bin Baharom', 'Technical II (B)', 14, 'FJB', NULL, 1, '2026-03-16 04:11:13', '2026-03-16 04:11:13'),
(73, '2700394', 'Mohamad Hariz Bin Mohd Zalis', 'Technical II (B)', 14, 'FJB', NULL, 1, '2026-03-16 04:11:13', '2026-03-16 04:11:13'),
(74, '3600597', 'Mohamad Nadzrin Bin Abdul Rahman', 'Technical II (B)', 14, 'FJB', NULL, 1, '2026-03-16 04:11:13', '2026-03-16 04:11:13'),
(75, '3600779', 'Abdullah Bin Omar', 'Technical II (B)', 14, 'FJB', NULL, 1, '2026-03-16 04:11:13', '2026-03-16 04:11:13'),
(76, '3600790', 'Saiful Jefriza Bin Abu Bakar', 'Technical II (E)', 14, 'FJB', NULL, 1, '2026-03-16 04:11:13', '2026-03-16 04:11:13'),
(77, '3600594', 'Amin Budiman  Bin Saleh', 'Technical III (E)', 14, 'FJB', NULL, 1, '2026-03-16 04:11:13', '2026-03-16 04:11:13'),
(78, '2700348', 'Muhamad Ajmaien Bin Mohd Nasir', 'Technical III (E)', 14, 'FJB', NULL, 1, '2026-03-16 04:11:13', '2026-03-16 04:11:13'),
(79, '3600821', 'Md Zaki Bin Md Rejab', 'Fitter Mechanic III', 14, 'FJB', NULL, 1, '2026-03-16 04:11:13', '2026-03-16 04:11:13'),
(80, '3600820', 'Norhazali Bin Mohd Masom', 'Fitter Mechanic III', 14, 'FJB', NULL, 1, '2026-03-16 04:11:13', '2026-03-16 04:11:13'),
(81, '2700398', 'Hafis Satria Bin Saleh', 'Fitter Mechanic III', 14, 'FJB', NULL, 1, '2026-03-16 04:11:13', '2026-03-16 04:11:13'),
(82, '2700408', 'Muhammad Asnawi Bin Azman', 'Fitter Mechanic III', 14, 'FJB', NULL, 1, '2026-03-16 04:11:13', '2026-03-16 04:11:13'),
(83, '2700351', 'Muhammad Arsyad Bin Nurddin', 'Fitter Mechanic III', 14, 'FJB', NULL, 1, '2026-03-16 04:11:13', '2026-03-16 04:11:13'),
(84, '3600913', 'Nur Sharizan Bin AB Rahim', 'Fitter Mechanic III', 14, 'FJB', NULL, 1, '2026-03-16 04:11:13', '2026-03-16 04:11:13'),
(85, '3600789', 'Ahmad Imran Bin Zainuddin', 'Fitter Mechanic IV', 14, 'FJB', NULL, 1, '2026-03-16 04:11:13', '2026-03-16 04:11:13'),
(86, '2700375', 'Ahmad Adham Bin Mazlan', 'Fitter Mechanic IV', 14, 'FJB', NULL, 1, '2026-03-16 04:11:13', '2026-03-16 04:11:13'),
(87, '3600644', 'Md Zaki Bin Zakaria', 'Apprentice Mechanical', 14, 'FJB', NULL, 1, '2026-03-16 04:11:13', '2026-03-16 04:11:13'),
(88, '2700380', 'Muhammad Hafizam Bin Nordin', 'Apprentice Electric', 14, 'FJB', NULL, 1, '2026-03-16 04:11:13', '2026-03-16 04:11:13'),
(89, '3600685', 'Mohamad Shukur Bin Abu Hassan', 'Technical I Electrical', 14, 'FJB', NULL, 1, '2026-03-16 04:11:13', '2026-03-16 04:11:13'),
(90, '1211417', 'Khairul Asyraf Bin Mohd Arif', 'Fitter Mekanik', 14, 'FJB', NULL, 1, '2026-03-16 04:11:13', '2026-03-16 04:11:13'),
(91, '7300473', 'Muhammad Zakhwan Bin Zawiri', 'Fitter Mechanic', 14, 'FJB', NULL, 1, '2026-03-16 04:11:13', '2026-03-16 04:11:13'),
(92, '7300613', 'Mohamad Iqmal Rizal Bin Rusli', 'Fitter Elektrik', 14, 'FJB', NULL, 1, '2026-03-16 04:11:13', '2026-03-16 04:11:13'),
(93, '2100761', 'Siti Hawa Binti Mohamed Saad', 'Manager (Head Safety & Security)', 15, 'FJB', NULL, 1, '2026-03-16 04:11:13', '2026-03-16 04:11:13'),
(94, '1700740', 'Shafiq Izwan Bin Sharom', 'Executive, Safety', 15, 'FJB', NULL, 1, '2026-03-16 04:11:13', '2026-03-16 04:11:13'),
(95, '3600246', 'Zamzul Bin Hamzah', 'Security Assistant', 15, 'FJB', NULL, 1, '2026-03-16 04:11:13', '2026-03-16 04:11:13'),
(96, '3600438', 'Zulkifli Bin Yatin', 'Security Assistant', 15, 'FJB', NULL, 1, '2026-03-16 04:11:13', '2026-03-16 04:11:13'),
(97, '3600887', 'Izzuddin Bin Oumor', 'Security Assistant', 15, 'FJB', NULL, 1, '2026-03-16 04:11:13', '2026-03-16 04:11:13'),
(98, '7300046', 'Mohamad Saiful Rizal Bin Mohmad Asri', 'Security Assistant', 15, 'FJB', NULL, 1, '2026-03-16 04:11:13', '2026-03-16 04:11:13'),
(99, '3600749', 'Munirah Binti Mokhtar', 'Snr. Executive (ICT)', 16, 'FJB', NULL, 1, '2026-03-16 04:11:13', '2026-03-16 04:11:13'),
(100, '3600894', 'Azihanafi Bin Mohd Dakir', 'Executive, IT', 16, 'FJB', NULL, 1, '2026-03-16 04:11:13', '2026-03-16 04:11:13'),
(101, '2700342', 'Mohd Azrulhan Bin Mohd Shafei', 'IT Technician', 16, 'FJB', NULL, 1, '2026-03-16 04:11:13', '2026-03-16 04:11:13'),
(102, '3600235', 'Ameelia Tee Binti Abdullah', 'Snr.Manager (Head of Department)', 17, 'FJB', NULL, 1, '2026-03-16 04:11:13', '2026-03-16 04:11:13'),
(103, '3600860', 'Nur Fatihah Binti Haridan', 'Executive TQM', 17, 'FJB', NULL, 1, '2026-03-16 04:11:13', '2026-03-16 04:11:13'),
(104, '3600870', 'Wan Muhammad Irsyad Bin Wan Rojas', 'Executive TQM', 17, 'FJB', NULL, 1, '2026-03-16 04:11:13', '2026-03-16 04:11:13'),
(105, '3600675', 'Mohd Farhan Bin Mohd Patani', 'Senior Executive (Head of Unit)', 18, 'FJB', NULL, 1, '2026-03-16 04:11:13', '2026-03-16 04:11:13'),
(106, '3600912', 'Sharifah Humairah Binti Syed Amin', 'Executive, Environmental & Sustainability', 18, 'FJB', NULL, 1, '2026-03-16 04:11:13', '2026-03-16 04:11:13'),
(107, '3600014', 'Barathan s/o A R Jenaki Raman', 'Snr. Oprn Executive (Head of Unit Sampling & QC)', 19, 'FJB', NULL, 1, '2026-03-16 04:11:13', '2026-03-16 04:11:13'),
(108, '3600697', 'Nurul Syahidah Binti Zulkifli', 'Executive , Laboratory', 19, 'FJB', NULL, 1, '2026-03-16 04:11:13', '2026-03-16 04:11:13'),
(109, '7300344', 'Muhammad Nurfikri Alif Bin Abdullah', 'Executive , Laboratory', 19, 'FJB', NULL, 1, '2026-03-16 04:11:13', '2026-03-16 04:11:13'),
(110, '3600022', 'Yusaini Bin Amir', 'Lab Analyst I', 19, 'FJB', NULL, 1, '2026-03-16 04:11:13', '2026-03-16 04:11:13'),
(111, '3600254', 'Shahidi Bin Saman', 'Lab Analyst II', 19, 'FJB', NULL, 1, '2026-03-16 04:11:13', '2026-03-16 04:11:13'),
(112, '3600761', 'Muslihin Bin Mohamad', 'Lab Analyst II', 19, 'FJB', NULL, 1, '2026-03-16 04:11:13', '2026-03-16 04:11:13'),
(113, '3600265', 'Norrabu Bin Atan', 'Lab Analyst II', 19, 'FJB', NULL, 1, '2026-03-16 04:11:13', '2026-03-16 04:11:13'),
(114, '3600339', 'Mazelan Bin Abu Bakar', 'Lab Analyst II', 19, 'FJB', NULL, 1, '2026-03-16 04:11:13', '2026-03-16 04:11:13'),
(115, '3600483', 'Yazid Bin Mohd Jaffar', 'Lab Analyst II', 19, 'FJB', NULL, 1, '2026-03-16 04:11:13', '2026-03-16 04:11:13'),
(116, '3600666', 'Subhi Bin Sakiman', 'Lab Analyst III', 19, 'FJB', NULL, 1, '2026-03-16 04:11:13', '2026-03-16 04:11:13'),
(117, '3600574', 'Mohd Khairul Bin Jamiee', 'Lab Analyst III', 19, 'FJB', NULL, 1, '2026-03-16 04:11:13', '2026-03-16 04:11:13'),
(118, '3600731', 'Mohd Hairol Azhar Bin Ismon', 'Lab Analyst III', 19, 'FJB', NULL, 1, '2026-03-16 04:11:13', '2026-03-16 04:11:13'),
(119, '3600824', 'Aidil Azhar Bin Jaaffar Shah', 'Lab Analyst III', 19, 'FJB', NULL, 1, '2026-03-16 04:11:13', '2026-03-16 04:11:13'),
(120, '3600826', 'Mohammad Nur Hafizzudin Bin Mohd Zainal', 'Lab Analyst III', 19, 'FJB', NULL, 1, '2026-03-16 04:11:13', '2026-03-16 04:11:13'),
(121, '3600512', 'Badri Bin Ahmad Baharuddin', 'Lab Analyst III', 19, 'FJB', NULL, 1, '2026-03-16 04:11:13', '2026-03-16 04:11:13'),
(122, '3600591', 'Irwan Bin Abd Manaf', 'Lab Analyst III', 19, 'FJB', NULL, 1, '2026-03-16 04:11:13', '2026-03-16 04:11:13'),
(123, '3600443', 'Mohd Razib Bin Mohd Hussin', 'Lab Analyst III', 19, 'FJB', NULL, 1, '2026-03-16 04:11:13', '2026-03-16 04:11:13'),
(124, '3600494', 'Mohd Rezza Bin Jaslan', 'Lab Analyst III', 19, 'FJB', NULL, 1, '2026-03-16 04:11:13', '2026-03-16 04:11:13'),
(125, '3600747', 'Aziz Bin Radzali', 'Lab Assistant', 19, 'FJB', NULL, 1, '2026-03-16 04:11:13', '2026-03-16 04:11:13'),
(126, '3600746', 'Mohd Hafiz Bin Jazman', 'Lab Assistant', 19, 'FJB', NULL, 1, '2026-03-16 04:11:13', '2026-03-16 04:11:13'),
(127, '3600750', 'Mohamad Adi Azhad Bin Azman', 'Lab Assistant', 19, 'FJB', NULL, 1, '2026-03-16 04:11:13', '2026-03-16 04:11:13'),
(128, '3600785', 'Azham Bin Muhmad Yassin', 'Lab Assistant', 19, 'FJB', NULL, 1, '2026-03-16 04:11:13', '2026-03-16 04:11:13'),
(129, '2700337', 'Nik Muhammad Hazim Bin Che Haris', 'Lab Assistant', 19, 'FJB', NULL, 1, '2026-03-16 04:11:13', '2026-03-16 04:11:13'),
(130, '3600836', 'Syed Israarif Bin Syed Asni', 'Lab Assistant', 19, 'FJB', NULL, 1, '2026-03-16 04:11:13', '2026-03-16 04:11:13'),
(131, '2700371', 'Muhammad Ariff Bin Ya\'akob', 'Lab Assistant', 19, 'FJB', NULL, 1, '2026-03-16 04:11:13', '2026-03-16 04:11:13'),
(132, '2700383', 'Muhammad Azizul Hakim Bin Md Pechor', 'Lab Assistant', 19, 'FJB', NULL, 1, '2026-03-16 04:11:13', '2026-03-16 04:11:13'),
(133, '2700417', 'Muhammad Shazwan Bin Suboh', 'Lab Assistant', 19, 'FJB', NULL, 1, '2026-03-16 04:11:13', '2026-03-16 04:11:13'),
(134, '3600908', 'Mohamad Zikri Bin Rafi\'i', 'Lab Assistant', 19, 'FJB', NULL, 1, '2026-03-16 04:11:13', '2026-03-16 04:11:13'),
(135, '3600360', 'Mhd Hadirin Bin Othman', 'General Manager (Head of Zone A)', 20, 'FJB', NULL, 1, '2026-03-16 04:11:13', '2026-03-16 04:11:13'),
(136, '3600210', 'Roslan Bin Jaffar', 'Snr.Manager (Head of Section 3)', 21, 'FJB', NULL, 1, '2026-03-16 04:11:13', '2026-03-16 04:11:13'),
(137, '1201341', 'Shabrin Bin Mohd Alias', 'Manager/ FMU (Head of Unit)', 21, 'FJB', NULL, 1, '2026-03-16 04:11:13', '2026-03-16 04:11:13'),
(138, '3600163', 'Mohd Nasir Bin Zakaria', 'Snr.Executive (FMU)', 21, 'FJB', NULL, 1, '2026-03-16 04:11:13', '2026-03-16 04:11:13'),
(139, '3600142', 'Zulkeflee Bin Musa', 'Snr.Manager (Head of Section 2)', 22, 'FJB', NULL, 1, '2026-03-16 04:11:13', '2026-03-16 04:11:13'),
(140, '3600730', 'Siti Nurhidayah Binti Baharin', 'Executive, Operations Administrative & Billing', 23, 'FJB', NULL, 1, '2026-03-16 04:11:13', '2026-03-16 04:11:13'),
(141, '3600722', 'Nurul Izzati Binti Hamdan', 'Opn. Clerk', 23, 'FJB', NULL, 1, '2026-03-16 04:11:13', '2026-03-16 04:11:13'),
(142, '3600105', 'Aziz Bin Ali', 'Snr. Operation Executive (Head of Unit)', 24, 'FJB', NULL, 1, '2026-03-16 04:11:13', '2026-03-16 04:11:13'),
(143, '3600092', 'Haridan Bin Mohamed', 'Executive Stock', 24, 'FJB', NULL, 1, '2026-03-16 04:11:13', '2026-03-16 04:11:13'),
(144, '3600902', 'Indera Shahril Bin Saipol Bahri', 'Executive Stock', 24, 'FJB', NULL, 1, '2026-03-16 04:11:13', '2026-03-16 04:11:13'),
(145, '3600007', 'Zakaria Bin M Halid', 'Stock Controller I', 24, 'FJB', NULL, 1, '2026-03-16 04:11:13', '2026-03-16 04:11:13'),
(146, '3600024', 'Rouzee @ Mahmud Bin Ali', 'Stock Controller I', 24, 'FJB', NULL, 1, '2026-03-16 04:11:13', '2026-03-16 04:11:13'),
(147, '3600326', 'Asrony Bin Safri', 'Stock Controller I', 24, 'FJB', NULL, 1, '2026-03-16 04:11:13', '2026-03-16 04:11:13'),
(148, '3600578', 'Nik Dalini Bin Nik Mustapha', 'Stock Controller II', 24, 'FJB', NULL, 1, '2026-03-16 04:11:13', '2026-03-16 04:11:13'),
(149, '3600735', 'Mohamad Afzal Bin Salipon', 'Stock Controller II', 24, 'FJB', NULL, 1, '2026-03-16 04:11:13', '2026-03-16 04:11:13'),
(150, '3600619', 'Muhammad Haziq Bin Md Razib', 'Stock Controller III', 24, 'FJB', NULL, 1, '2026-03-16 04:11:13', '2026-03-16 04:11:13'),
(151, '3600759', 'Abdullahkhir Bin Ishak', 'Stock Controller III', 24, 'FJB', NULL, 1, '2026-03-16 04:11:13', '2026-03-16 04:11:13'),
(152, '3600816', 'Mohamad Sahlan Habibi Bin Imam Syafi', 'Stock Controller III', 24, 'FJB', NULL, 1, '2026-03-16 04:11:13', '2026-03-16 04:11:13'),
(153, '1210036', 'Muhammad Fitree Bin Hambali', 'Stock Controller III', 24, 'FJB', NULL, 1, '2026-03-16 04:11:13', '2026-03-16 04:11:13'),
(154, '2700412', 'Mohamad Hazim Bin Zailani', 'Stock Controller III', 24, 'FJB', NULL, 1, '2026-03-16 04:11:13', '2026-03-16 04:11:13'),
(155, '3600919', 'Muhammad Khairi Bin Jahauhari', 'Stock Controller III', 24, 'FJB', NULL, 1, '2026-03-16 04:11:13', '2026-03-16 04:11:13'),
(156, '7300348', 'Muhammad Izzuddin Bin Mohd Yusof', 'Stock Controller III', 24, 'FJB', NULL, 1, '2026-03-16 04:11:13', '2026-03-16 04:11:13'),
(157, '3600361', 'Mohamad Nazri Bin Manap', 'Manager/ Head of Unit (Jetty/Shippment/WB)', 25, 'FJB', NULL, 1, '2026-03-16 04:11:13', '2026-03-16 04:11:13'),
(158, '1701174', 'Zaimi Bin Hashim', 'Operation Executive (L.Master)', 25, 'FJB', NULL, 1, '2026-03-16 04:11:13', '2026-03-16 04:11:13'),
(159, '3600841', 'Mohamad Danial Bin Mohd Ishak', 'Operation Executive (L.Master)', 25, 'FJB', NULL, 1, '2026-03-16 04:11:13', '2026-03-16 04:11:13'),
(160, '3600842', 'Muhamad Taufiq Bin Mohamad Shari', 'Operation Executive (L.Master)', 25, 'FJB', NULL, 1, '2026-03-16 04:11:13', '2026-03-16 04:11:13'),
(161, '3600849', 'Mohamad Nur Farhan Bin Mohd Yusof', 'Operation Executive (L.Master)', 25, 'FJB', NULL, 1, '2026-03-16 04:11:13', '2026-03-16 04:11:13'),
(162, '3600850', 'Muhamad Afiq Syazwan Bin Mortar', 'Operation Executive (L.Master)', 25, 'FJB', NULL, 1, '2026-03-16 04:11:13', '2026-03-16 04:11:13'),
(163, '3600852', 'Mohamad Umar Bin Mohd Jar', 'Operation Executive (L.Master)', 25, 'FJB', NULL, 1, '2026-03-16 04:11:13', '2026-03-16 04:11:13'),
(164, '3600851', 'Muhammad Nur Habree Bin Mohd Sobree', 'Operation Executive (L.Master)', 25, 'FJB', NULL, 1, '2026-03-16 04:11:13', '2026-03-16 04:11:13'),
(165, '3600728', 'Muhammad Fariz Bin Razali', 'Operation Executive (L.Master)', 25, 'FJB', NULL, 1, '2026-03-16 04:11:13', '2026-03-16 04:11:13'),
(166, '3600866', 'Nur Syafiq Bin Md Koari', 'Operation Executive (L.Master)', 25, 'FJB', NULL, 1, '2026-03-16 04:11:13', '2026-03-16 04:11:13'),
(167, '3600869', 'Mohammad Baddrulamin Bin Mohd Fu\'ad', 'Operation Executive (L.Master)', 25, 'FJB', NULL, 1, '2026-03-16 04:11:13', '2026-03-16 04:11:13'),
(168, '3600885', 'Mohamad Naqiuddin Bin Mohd Azmi', 'Operation Executive (L.Master)', 25, 'FJB', NULL, 1, '2026-03-16 04:11:13', '2026-03-16 04:11:13'),
(169, '3600891', 'Akmal Afiq Bin Jefri', 'Operation Executive (L.Master)', 25, 'FJB', NULL, 1, '2026-03-16 04:11:13', '2026-03-16 04:11:13'),
(170, '3600892', 'Mohamad Fairuz Bin Ismail', 'Operation Executive (L.Master)', 25, 'FJB', NULL, 1, '2026-03-16 04:11:13', '2026-03-16 04:11:13'),
(171, '3600897', 'Amir Irsyad Bin Borhanudin', 'Operation Executive (L.Master)', 25, 'FJB', NULL, 1, '2026-03-16 04:11:13', '2026-03-16 04:11:13'),
(172, '3600903', 'Hamizan Bin Samsudin', 'Operation Executive (L.Master)', 25, 'FJB', NULL, 1, '2026-03-16 04:11:13', '2026-03-16 04:11:13'),
(173, '7300050', 'Imran Bin Muhamad Ghazali', 'Operation Executive (L.Master)', 25, 'FJB', NULL, 1, '2026-03-16 04:11:13', '2026-03-16 04:11:13'),
(174, '3600288', 'Jailani Bin Ahmad', 'Weighbridge Clerk I', 26, 'FJB', NULL, 1, '2026-03-16 04:11:13', '2026-03-16 04:11:13'),
(175, '3600319', 'Yusmadi Bin Abd Karim', 'Weighbridge Clerk I', 26, 'FJB', NULL, 1, '2026-03-16 04:11:13', '2026-03-16 04:11:13'),
(176, '3600502', 'Mohd Hairi Bin Bahatiar', 'Weighbridge Clerk II', 26, 'FJB', NULL, 1, '2026-03-16 04:11:13', '2026-03-16 04:11:13'),
(177, '3600631', 'Syed Ali Al\'Redda Bin Syed Tahar', 'Weighbridge Clerk III', 26, 'FJB', NULL, 1, '2026-03-16 04:11:13', '2026-03-16 04:11:13'),
(178, '3600661', 'Mohamad Zaki Bin Othman', 'Weighbridge Clerk III', 26, 'FJB', NULL, 1, '2026-03-16 04:11:13', '2026-03-16 04:11:13'),
(179, '3600703', 'Md Fazrin Bin Mustaffa', 'Weighbridge Clerk III', 26, 'FJB', NULL, 1, '2026-03-16 04:11:13', '2026-03-16 04:11:13'),
(180, '3600444', 'Mohd Airullnizam Bin Damin', 'Weighbridge Clerk III', 26, 'FJB', NULL, 1, '2026-03-16 04:11:13', '2026-03-16 04:11:13'),
(181, '3600911', 'Ahmad Shahzul Bin Zarapi', 'Weighbridge Clerk III', 26, 'FJB', NULL, 1, '2026-03-16 04:11:13', '2026-03-16 04:11:13'),
(182, '3600303', 'Zaidi Bin Basir @ Basri', 'Snr. Manager (Head of Section 1)', 27, 'FJB', NULL, 1, '2026-03-16 04:11:13', '2026-03-16 04:11:13'),
(183, '3600336', 'Hj Abd Malek Bin Yunos', 'Manager/ Head of Unit (T2,T3,T3X)', 27, 'FJB', NULL, 1, '2026-03-16 04:11:13', '2026-03-16 04:11:13'),
(184, '3600393', 'Mohd Idris Bin Rasidi', 'Manager/ Head of Unit (T1- TY A,C,E)', 27, 'FJB', NULL, 1, '2026-03-16 04:11:13', '2026-03-16 04:11:13'),
(185, '3600568', 'Mohd Jefri Bin Mustakim', 'Manager/ Head of Unit (T1-TYB,D,F,P/L)', 27, 'FJB', NULL, 1, '2026-03-16 04:11:13', '2026-03-16 04:11:13'),
(186, '3600281', 'Hasrol Bin Aspari', 'Snr.Operation Executive (Shift Leader)', 28, 'FJB', NULL, 1, '2026-03-16 04:11:13', '2026-03-16 04:11:13'),
(187, '3600583', 'Wan Mohammad Hafiz Bin Wan Ariffin', 'Snr.Operation Executive (Shift Leader)', 28, 'FJB', NULL, 1, '2026-03-16 04:11:13', '2026-03-16 04:11:13'),
(188, '3600642', 'Mohamad Zaki Bin Abdullah', 'Snr.Operation Executive (Shift Leader)', 28, 'FJB', NULL, 1, '2026-03-16 04:11:13', '2026-03-16 04:11:13'),
(189, '2700355', 'Muhd Nasrullah Bin Ab Ghaffar', 'Snr.Operation Executive (Shift Leader)', 28, 'FJB', NULL, 1, '2026-03-16 04:11:13', '2026-03-16 04:11:13'),
(190, '2700377', 'Mohammed Zahan Bin Mohamed Zaidi Ong', 'Operations Executive', 28, 'FJB', NULL, 1, '2026-03-16 04:11:13', '2026-03-16 04:11:13'),
(191, '3600818', 'Abdul Halim Bin Salleh', 'Operations Executive', 28, 'FJB', NULL, 1, '2026-03-16 04:11:13', '2026-03-16 04:11:13'),
(192, '3600082', 'Surumin Bin Mustafa', 'Operator I', 29, 'FJB', NULL, 1, '2026-03-16 04:11:13', '2026-03-16 04:11:13'),
(193, '3600056', 'Mohd Alias Bin Roslan', 'Operator I', 29, 'FJB', NULL, 1, '2026-03-16 04:11:13', '2026-03-16 04:11:13'),
(194, '3600158', 'Zailani Bin Hasim', 'Operator I', 29, 'FJB', NULL, 1, '2026-03-16 04:11:13', '2026-03-16 04:11:13'),
(195, '3600174', 'Amran Bin Roslan', 'Operator I', 29, 'FJB', NULL, 1, '2026-03-16 04:11:13', '2026-03-16 04:11:13'),
(196, '3600228', 'Zainudin Bin Awang Sina', 'Operator I', 29, 'FJB', NULL, 1, '2026-03-16 04:11:13', '2026-03-16 04:11:13'),
(197, '3600329', 'Ahmad Shaari Bin Mohd Saleh Tan', 'Operator I', 29, 'FJB', NULL, 1, '2026-03-16 04:11:13', '2026-03-16 04:11:13'),
(198, '3600362', 'Amirudin Bin Md Azam', 'Operator I', 29, 'FJB', NULL, 1, '2026-03-16 04:11:13', '2026-03-16 04:11:13'),
(199, '3600449', 'Ahmad Shahrizan @ Nurhuda Bin Medon', 'Operator I', 29, 'FJB', NULL, 1, '2026-03-16 04:11:13', '2026-03-16 04:11:13'),
(200, '3600345', 'Azizi Bin Abd Kadir', 'Operator I', 29, 'FJB', NULL, 1, '2026-03-16 04:11:13', '2026-03-16 04:11:13'),
(201, '3600423', 'Mohamad Nor Efendy Bin Abdul Hamid', 'Operator I', 29, 'FJB', NULL, 1, '2026-03-16 04:11:13', '2026-03-16 04:11:13'),
(202, '3600478', 'Mohd Baharum Bin Awi', 'Operator I', 29, 'FJB', NULL, 1, '2026-03-16 04:11:13', '2026-03-16 04:11:13'),
(203, '3600229', 'Nurissalah Bin Musa', 'Operator I', 29, 'FJB', NULL, 1, '2026-03-16 04:11:13', '2026-03-16 04:11:13'),
(204, '3600061', 'Paiman Bin Judi', 'Operator II', 30, 'FJB', NULL, 1, '2026-03-16 04:11:13', '2026-03-16 04:11:13'),
(205, '3600088', 'Jalani Bin Kider', 'Operator II', 30, 'FJB', NULL, 1, '2026-03-16 04:11:13', '2026-03-16 04:11:13'),
(206, '3600218', 'Mohd Zamri Bin Md Zali @ Md Ghazali', 'Operator II', 30, 'FJB', NULL, 1, '2026-03-16 04:11:13', '2026-03-16 04:11:13'),
(207, '3600257', 'Rosladi Bin Abd Rashid', 'Operator II', 30, 'FJB', NULL, 1, '2026-03-16 04:11:13', '2026-03-16 04:11:13'),
(208, '3600367', 'Shaiful Bahri Bin Jaffar', 'Operator II', 30, 'FJB', NULL, 1, '2026-03-16 04:11:13', '2026-03-16 04:11:13'),
(209, '3600309', 'Mohd Hairi Bin Roslan', 'Operator II', 30, 'FJB', NULL, 1, '2026-03-16 04:11:13', '2026-03-16 04:11:13'),
(210, '3600276', 'A. Razak Bin Asiah  @ Asian', 'Operator II', 30, 'FJB', NULL, 1, '2026-03-16 04:11:13', '2026-03-16 04:11:13'),
(211, '3600378', 'Hairolesam Bin Mohd Hairi', 'Operator II', 30, 'FJB', NULL, 1, '2026-03-16 04:11:13', '2026-03-16 04:11:13'),
(212, '3600338', 'Mohd Safri Bin Mohd Hussin', 'Operator II', 30, 'FJB', NULL, 1, '2026-03-16 04:11:13', '2026-03-16 04:11:13'),
(213, '3600381', 'Ghazali Bin Mohamed', 'Operator II', 30, 'FJB', NULL, 1, '2026-03-16 04:11:13', '2026-03-16 04:11:13'),
(214, '3600293', 'Abd Hamid Bin Hadil', 'Operator II', 30, 'FJB', NULL, 1, '2026-03-16 04:11:13', '2026-03-16 04:11:13'),
(215, '3600389', 'Suhari Bin Saman', 'Operator II', 30, 'FJB', NULL, 1, '2026-03-16 04:11:13', '2026-03-16 04:11:13'),
(216, '3600366', 'Haris Bin Hassin', 'Operator II', 30, 'FJB', NULL, 1, '2026-03-16 04:11:13', '2026-03-16 04:11:13'),
(217, '3600433', 'Malik Bin Mohd Nooh', 'Operator II', 30, 'FJB', NULL, 1, '2026-03-16 04:11:13', '2026-03-16 04:11:13'),
(218, '3600406', 'Ahmad Mustakim Bin Mohd Amran', 'Operator II', 30, 'FJB', NULL, 1, '2026-03-16 04:11:13', '2026-03-16 04:11:13'),
(219, '3600499', 'Mahadi Bin Marjonet', 'Operator II', 30, 'FJB', NULL, 1, '2026-03-16 04:11:13', '2026-03-16 04:11:13'),
(220, '3600558', 'Mohd Yusuf  NST Bin Safarudin', 'Operator II', 30, 'FJB', NULL, 1, '2026-03-16 04:11:13', '2026-03-16 04:11:13'),
(221, '3600377', 'Mohd Ezwan Bin Bakhtiar', 'Operator II', 30, 'FJB', NULL, 1, '2026-03-16 04:11:13', '2026-03-16 04:11:13'),
(222, '3600588', 'Mohd Zaharudin Bin Abd Ghani', 'Operator II', 30, 'FJB', NULL, 1, '2026-03-16 04:11:13', '2026-03-16 04:11:13'),
(223, '3600425', 'Norizam Bin Abd Ghani', 'Operator II', 30, 'FJB', NULL, 1, '2026-03-16 04:11:13', '2026-03-16 04:11:13'),
(224, '3600503', 'Mohd Zarith Bin Zainudin', 'Operator II', 30, 'FJB', NULL, 1, '2026-03-16 04:11:13', '2026-03-16 04:11:13'),
(225, '3600501', 'Khairi Bin Mahpub', 'Operator III', 31, 'FJB', NULL, 1, '2026-03-16 04:11:13', '2026-03-16 04:11:13'),
(226, '3600534', 'Mohd Izwan Bin Moharam', 'Operator III', 31, 'FJB', NULL, 1, '2026-03-16 04:11:13', '2026-03-16 04:11:13'),
(227, '3600108', 'Asroy Bin Ali', 'Operator III', 31, 'FJB', NULL, 1, '2026-03-16 04:11:13', '2026-03-16 04:11:13'),
(228, '3600627', 'Mohamad Saidi Bin Mohd Yasin', 'Operator III', 31, 'FJB', NULL, 1, '2026-03-16 04:11:13', '2026-03-16 04:11:13'),
(229, '3600629', 'Ahmad Syahir Bin Maleki', 'Operator III', 31, 'FJB', NULL, 1, '2026-03-16 04:11:13', '2026-03-16 04:11:13'),
(230, '3600630', 'Mohd Hanafie Bin Mohd Tuah', 'Operator III', 31, 'FJB', NULL, 1, '2026-03-16 04:11:13', '2026-03-16 04:11:13'),
(231, '3600628', 'Mohd Hisham Bin Md Rahani', 'Operator III', 31, 'FJB', NULL, 1, '2026-03-16 04:11:13', '2026-03-16 04:11:13'),
(232, '3600637', 'Mohammad Dhiyauddin bin Abdul Halim', 'Operator III', 31, 'FJB', NULL, 1, '2026-03-16 04:11:13', '2026-03-16 04:11:13'),
(233, '3600567', 'Mohd Zamri Bin Maanam', 'Operator III', 31, 'FJB', NULL, 1, '2026-03-16 04:11:13', '2026-03-16 04:11:13'),
(234, '3600584', 'Mohd Faizal Bin Md Zali @ Md Ghazali', 'Operator III', 31, 'FJB', NULL, 1, '2026-03-16 04:11:13', '2026-03-16 04:11:13'),
(235, '3600528', 'Mohamad Syamsul Bin Buniran', 'Operator IV', 32, 'FJB', NULL, 1, '2026-03-16 04:11:13', '2026-03-16 04:11:13'),
(236, '3600532', 'Mohd Khan Bin Mohd Basiran', 'Operator IV', 32, 'FJB', NULL, 1, '2026-03-16 04:11:13', '2026-03-16 04:11:13'),
(237, '3600531', 'Khairul Afizan Bin Mohd Hairi', 'Operator IV', 32, 'FJB', NULL, 1, '2026-03-16 04:11:13', '2026-03-16 04:11:13'),
(238, '3600106', 'Mohamad Nor Azren Bin Abdul Hamid', 'Operator IV', 32, 'FJB', NULL, 1, '2026-03-16 04:11:13', '2026-03-16 04:11:13'),
(239, '3600580', 'Ramesh a/l Jayaram', 'Operator IV', 32, 'FJB', NULL, 1, '2026-03-16 04:11:13', '2026-03-16 04:11:13'),
(240, '3600617', 'Mohd Safri bin A Aziz', 'Operator IV', 32, 'FJB', NULL, 1, '2026-03-16 04:11:13', '2026-03-16 04:11:13'),
(241, '3600633', 'Md. Faizal Bin Mustaffa', 'Operator IV', 32, 'FJB', NULL, 1, '2026-03-16 04:11:13', '2026-03-16 04:11:13'),
(242, '3600646', 'Mohamad Allip Bin Mohamad Ellmi', 'Operator IV', 32, 'FJB', NULL, 1, '2026-03-16 04:11:13', '2026-03-16 04:11:13'),
(243, '3600652', 'Mohd Farhan Bin Shariff', 'Operator IV', 32, 'FJB', NULL, 1, '2026-03-16 04:11:13', '2026-03-16 04:11:13'),
(244, '3600660', 'Mohd Asrul Bin Ngadiran', 'Operator IV', 32, 'FJB', NULL, 1, '2026-03-16 04:11:13', '2026-03-16 04:11:13'),
(245, '3600663', 'Mohd Muhafidz Bin Mazlan', 'Operator IV', 32, 'FJB', NULL, 1, '2026-03-16 04:11:13', '2026-03-16 04:11:13'),
(246, '3600671', 'Muhamad Hisyam bin Md Amin', 'Operator IV', 32, 'FJB', NULL, 1, '2026-03-16 04:11:13', '2026-03-16 04:11:13'),
(247, '3600670', 'Md Farid bin Mustaffa', 'Operator IV', 32, 'FJB', NULL, 1, '2026-03-16 04:11:13', '2026-03-16 04:11:13'),
(248, '3600669', 'Mohamad Shahril Bin Idris', 'Operator IV', 32, 'FJB', NULL, 1, '2026-03-16 04:11:13', '2026-03-16 04:11:13'),
(249, '3600677', 'Mohd Faizal Bin Ngathiran', 'Operator IV', 32, 'FJB', NULL, 1, '2026-03-16 04:11:13', '2026-03-16 04:11:13'),
(250, '3600678', 'Abdul Rahim Bin Jurjani', 'Operator IV', 32, 'FJB', NULL, 1, '2026-03-16 04:11:13', '2026-03-16 04:11:13'),
(251, '3600686', 'Mohd Nor Shaffifi Bin Jaafar', 'Operator IV', 32, 'FJB', NULL, 1, '2026-03-16 04:11:13', '2026-03-16 04:11:13'),
(252, '3600729', 'Salehuddin Bin Salihim', 'Operator IV', 32, 'FJB', NULL, 1, '2026-03-16 04:11:13', '2026-03-16 04:11:13'),
(253, '3600745', 'Mohamad Sahfudin Bin Yahya', 'Operator IV', 32, 'FJB', NULL, 1, '2026-03-16 04:11:13', '2026-03-16 04:11:13'),
(254, '3600783', 'Marizuan Bin Ishak', 'Operator IV', 32, 'FJB', NULL, 1, '2026-03-16 04:11:13', '2026-03-16 04:11:13'),
(255, '3600792', 'Ahmad Naufal Bin Mahir', 'Operator IV', 32, 'FJB', NULL, 1, '2026-03-16 04:11:13', '2026-03-16 04:11:13'),
(256, '3600801', 'Mohammad Shafiq Bin Sahidin', 'Operator IV', 32, 'FJB', NULL, 1, '2026-03-16 04:11:13', '2026-03-16 04:11:13'),
(257, '3600806', 'Abdul Jalal Bin Ali', 'Operator IV', 32, 'FJB', NULL, 1, '2026-03-16 04:11:13', '2026-03-16 04:11:13'),
(258, '3600809', 'Zulkifli Bin Zakaria', 'Operator IV', 32, 'FJB', NULL, 1, '2026-03-16 04:11:13', '2026-03-16 04:11:13'),
(259, '3600810', 'Shafiee Bin Abu Hassan', 'Operator IV', 32, 'FJB', NULL, 1, '2026-03-16 04:11:13', '2026-03-16 04:11:13'),
(260, '3600813', 'Muhammad Ridzuan Bin Tahar', 'Operator IV', 32, 'FJB', NULL, 1, '2026-03-16 04:11:13', '2026-03-16 04:11:13'),
(261, '3600814', 'Muhammad Kamarul Ikmal Bin Kamaruddin', 'Operator IV', 32, 'FJB', NULL, 1, '2026-03-16 04:11:13', '2026-03-16 04:11:13'),
(262, '3600817', 'Hasmadi Bin Mohamad Nor', 'Operator IV', 32, 'FJB', NULL, 1, '2026-03-16 04:11:13', '2026-03-16 04:11:13'),
(263, '2700359', 'Mohamed Amir Izzad Bin Abd Aziz', 'Operator IV', 32, 'FJB', NULL, 1, '2026-03-16 04:11:13', '2026-03-16 04:11:13'),
(264, '3600827', 'Amiruddin Bin Baharudin', 'Operator IV', 32, 'FJB', NULL, 1, '2026-03-16 04:11:13', '2026-03-16 04:11:13'),
(265, '3600829', 'Nazirul Rafiq Bin Anip', 'Operator IV', 32, 'FJB', NULL, 1, '2026-03-16 04:11:13', '2026-03-16 04:11:13'),
(266, '3600838', 'Mohd Azmal Bin Misbah', 'Operator IV', 32, 'FJB', NULL, 1, '2026-03-16 04:11:13', '2026-03-16 04:11:13'),
(267, '3600839', 'Mohd Riduan Bin Parno', 'Operator IV', 32, 'FJB', NULL, 1, '2026-03-16 04:11:13', '2026-03-16 04:11:13'),
(268, '3600840', 'Muhamad Suhairi Bin Mat Noor', 'Operator IV', 32, 'FJB', NULL, 1, '2026-03-16 04:11:13', '2026-03-16 04:11:13'),
(269, '2700379', 'Mohammad Fareez Haikal Bin Amran', 'Operator IV', 32, 'FJB', NULL, 1, '2026-03-16 04:11:13', '2026-03-16 04:11:13'),
(270, '2700382', 'Mohamad Shahril Bin Nordin', 'Operator IV', 32, 'FJB', NULL, 1, '2026-03-16 04:11:13', '2026-03-16 04:11:13'),
(271, '2507242', 'Mohamad Fadzrin Bin Ibrahim', 'Operator IV', 32, 'FJB', NULL, 1, '2026-03-16 04:11:13', '2026-03-16 04:11:13'),
(272, '2700396', 'Muhammad Afiq Hamizan Bin Abdul Razak', 'Operator IV', 32, 'FJB', NULL, 1, '2026-03-16 04:11:13', '2026-03-16 04:11:13'),
(273, '2700397', 'Abdul Aziz Bin Haron', 'Operator IV', 32, 'FJB', NULL, 1, '2026-03-16 04:11:13', '2026-03-16 04:11:13'),
(274, '2700402', 'Muhammad Aiman Bin Rahman', 'Operator IV', 32, 'FJB', NULL, 1, '2026-03-16 04:11:13', '2026-03-16 04:11:13'),
(275, '2700403', 'Mohamad Norhamizi Bin Misman', 'Operator IV', 32, 'FJB', NULL, 1, '2026-03-16 04:11:13', '2026-03-16 04:11:13'),
(276, '2503856', 'Mohd Khuzairi Bin Abd Wahab', 'Operator IV', 32, 'FJB', NULL, 1, '2026-03-16 04:11:13', '2026-03-16 04:11:13'),
(277, '2700415', 'Muhammad Faaid Bin Razali', 'Operator IV', 32, 'FJB', NULL, 1, '2026-03-16 04:11:13', '2026-03-16 04:11:13'),
(278, '2700424', 'Muhammad Syahmi Bin Paiman', 'Operator IV', 32, 'FJB', NULL, 1, '2026-03-16 04:11:13', '2026-03-16 04:11:13'),
(279, '3600899', 'Muhammad Lokman Bin Hasnan', 'Operator IV', 32, 'FJB', NULL, 1, '2026-03-16 04:11:13', '2026-03-16 04:11:13'),
(280, '3600900', 'Presley Loyuh Anak Abak', 'Operator IV', 32, 'FJB', NULL, 1, '2026-03-16 04:11:13', '2026-03-16 04:11:13'),
(281, '3600917', 'Muhammad Ihtifazhuddin Bin Mohd Arjuna', 'Operator IV', 32, 'FJB', NULL, 1, '2026-03-16 04:11:13', '2026-03-16 04:11:13'),
(282, '7300200', 'Muhammad Badrul Hisyam Bin Azmahadi', 'Operator IV', 32, 'FJB', NULL, 1, '2026-03-16 04:11:13', '2026-03-16 04:11:13'),
(283, '7300614', 'Muhammad Andy Afshahir Bin Mohamad Adam', 'Operator IV', 32, 'FJB', NULL, 1, '2026-03-16 04:11:13', '2026-03-16 04:11:13'),
(284, '7300608', 'Faruq Amirul Bin Mohd Ramizam', 'Operator IV', 32, 'FJB', NULL, 1, '2026-03-16 04:11:13', '2026-03-16 04:11:13'),
(285, '3600264', 'Mhd Sapuan Bin Sabar', 'Manager/ Terminal 4 FOD', 33, 'FJB', NULL, 1, '2026-03-16 04:11:13', '2026-03-16 04:11:13'),
(286, '3600871', 'Muhammad Taufiq Bin A.Rahman', 'Operation Executive', 33, 'FJB', NULL, 1, '2026-03-16 04:11:13', '2026-03-16 04:11:13'),
(287, '2700035', 'Hj Ahmad Bin Onn', 'Penyelia Operasi', 33, 'FJB', NULL, 1, '2026-03-16 04:11:13', '2026-03-16 04:11:13'),
(288, '2700221', 'Mohamad Faiz Bin Mohamad Fuad', 'Penyelia Operasi', 33, 'FJB', NULL, 1, '2026-03-16 04:11:13', '2026-03-16 04:11:13'),
(289, '2700091', 'Ibrahim Bin Mahan', 'Penyelia Operasi', 33, 'FJB', NULL, 1, '2026-03-16 04:11:13', '2026-03-16 04:11:13'),
(290, '2700102', 'Masaluddin Bin Md Salleh', 'Boiler House Chargeman', 33, 'FJB', NULL, 1, '2026-03-16 04:11:13', '2026-03-16 04:11:13'),
(291, '2700260', 'Mohd Rasip Bin Sitam', 'Boiler House Chargeman', 33, 'FJB', NULL, 1, '2026-03-16 04:11:13', '2026-03-16 04:11:13'),
(292, '2700101', 'Azman Bin Misdi', 'Juruanalisa Makmal', 33, 'FJB', NULL, 1, '2026-03-16 04:11:13', '2026-03-16 04:11:13'),
(293, '2700326', 'Muhamad Iskandar Bin Azman', 'Pembantu Makmal', 33, 'FJB', NULL, 1, '2026-03-16 04:11:13', '2026-03-16 04:11:13'),
(294, '2700338', 'Mohamad Shafiq Bin Mohd Said', 'Pembantu Makmal', 33, 'FJB', NULL, 1, '2026-03-16 04:11:13', '2026-03-16 04:11:13'),
(295, '2700410', 'Muhamad Arsad Bin Mahmud', 'Pembantu Makmal', 33, 'FJB', NULL, 1, '2026-03-16 04:11:13', '2026-03-16 04:11:13'),
(296, '2700088', 'Faridahetunazman Bin Md Noh', 'Kerani Timbang', 33, 'FJB', NULL, 1, '2026-03-16 04:11:13', '2026-03-16 04:11:13'),
(297, '2700278', 'Muhammad Hafiz Bin Kamarudin', 'Kerani Timbang', 33, 'FJB', NULL, 1, '2026-03-16 04:11:13', '2026-03-16 04:11:13'),
(298, '2700187', 'Abdul Razak Bin Abdul Rahim', 'Operator', 33, 'FJB', NULL, 1, '2026-03-16 04:11:13', '2026-03-16 04:11:13'),
(299, '2700309', 'Norhadi Bin Mohd Top', 'Operator', 33, 'FJB', NULL, 1, '2026-03-16 04:11:13', '2026-03-16 04:11:13'),
(300, '2700318', 'Muhammad Syazwan Bin Paiman', 'Operator', 33, 'FJB', NULL, 1, '2026-03-16 04:11:13', '2026-03-16 04:11:13'),
(301, '2700366', 'Muhammad Zulkhairy Bin Zulkifli', 'Operator', 33, 'FJB', NULL, 1, '2026-03-16 04:11:13', '2026-03-16 04:11:13'),
(302, '2700385', 'Sharin\'Asroin Bin Samsudin', 'Operator', 33, 'FJB', NULL, 1, '2026-03-16 04:11:13', '2026-03-16 04:11:13'),
(303, '2700386', 'Muhammad Hafizam Bin Zainuddin', 'Operator', 33, 'FJB', NULL, 1, '2026-03-16 04:11:13', '2026-03-16 04:11:13'),
(304, '2700425', 'Abdul Halim Bin Mohamad', 'Operator', 33, 'FJB', NULL, 1, '2026-03-16 04:11:13', '2026-03-16 04:11:13'),
(305, '2700428', 'Muhamad Azizi Bin Haridan', 'Stock Controller', 33, 'FJB', NULL, 1, '2026-03-16 04:11:13', '2026-03-16 04:11:13'),
(306, '2700430', 'Mohamad Farhan Bin Norhazali', 'Operator', 33, 'FJB', NULL, 1, '2026-03-16 04:11:13', '2026-03-16 04:11:13'),
(307, '2700431', 'Muhammad Asyraf Bin Rouzee @ Mahmud', 'Stock Controller', 33, 'FJB', NULL, 1, '2026-03-16 04:11:13', '2026-03-16 04:11:13'),
(308, '7300666', 'Abdul Wafiy Bin Ahmad', 'Operator', 33, 'FJB', NULL, 1, '2026-03-16 04:11:13', '2026-03-16 04:11:13'),
(309, '2700217', 'Faizal Zamri Bin Zainal Abidin', 'Terminal Manager', 34, 'FJB', NULL, 1, '2026-03-16 04:11:13', '2026-03-16 04:11:13'),
(310, '3600620', 'Mohamad Khairul Anuar Bin Abdul Karim', 'Snr .Operation Executive', 34, 'FJB', NULL, 1, '2026-03-16 04:11:13', '2026-03-16 04:11:13'),
(311, '3600680', 'Mohd Zairi Bin Saharu', 'Operation Executive', 34, 'FJB', NULL, 1, '2026-03-16 04:11:13', '2026-03-16 04:11:13'),
(312, '3600683', 'Khamis Bin Mohd', 'Lab Analyst I', 34, 'FJB', NULL, 1, '2026-03-16 04:11:13', '2026-03-16 04:11:13'),
(313, '3600822', 'Mohd Fadzlillah Bin Zaini', 'Pembantu Makmal', 34, 'FJB', NULL, 1, '2026-03-16 04:11:13', '2026-03-16 04:11:13'),
(314, '3600876', 'Luqman Nulhakim Bin Ismail', 'Pembantu Makmal', 34, 'FJB', NULL, 1, '2026-03-16 04:11:13', '2026-03-16 04:11:13'),
(315, '2700401', 'Arbi Bin Murdalin', 'Stock Controller', 34, 'FJB', NULL, 1, '2026-03-16 04:11:13', '2026-03-16 04:11:13'),
(316, '3600724', 'Mohd Salihin Bin Nordin', 'Weighbridge Clerk', 34, 'FJB', NULL, 1, '2026-03-16 04:11:13', '2026-03-16 04:11:13'),
(317, '2700317', 'Mohamad Nur Helmi Bin Mohd Rafee', 'Kerani Timbang', 34, 'FJB', NULL, 1, '2026-03-16 04:11:13', '2026-03-16 04:11:13'),
(318, '3600679', 'Mohd Jamri Bin Mohammad', 'Boilerman Gred I', 34, 'FJB', NULL, 1, '2026-03-16 04:11:13', '2026-03-16 04:11:13'),
(319, '3600862', 'Mohd Arif Bin Daud', 'Boilerman', 34, 'FJB', NULL, 1, '2026-03-16 04:11:13', '2026-03-16 04:11:13'),
(320, '3600681', 'Noor Idzuan Bin Walid', 'Operator I', 34, 'FJB', NULL, 1, '2026-03-16 04:11:13', '2026-03-16 04:11:13'),
(321, '3600758', 'Muhammad Safir Bin Mardzuki', 'Operator', 34, 'FJB', NULL, 1, '2026-03-16 04:11:13', '2026-03-16 04:11:13'),
(322, '3600764', 'Muhamad Ridhwan Bin Abu Bakar', 'Operator', 34, 'FJB', NULL, 1, '2026-03-16 04:11:13', '2026-03-16 04:11:13'),
(323, '3600855', 'Mohd Ridzuan Bin Sazali', 'Operator', 34, 'FJB', NULL, 1, '2026-03-16 04:11:13', '2026-03-16 04:11:13'),
(324, '3600877', 'Muhammad Hafizuddin Bin Yusri', 'Operator', 34, 'FJB', NULL, 1, '2026-03-16 04:11:13', '2026-03-16 04:11:13'),
(325, '3600889', 'Mohamad Shahrul Riezza Bin Bahrin', 'Operator', 34, 'FJB', NULL, 1, '2026-03-16 04:11:13', '2026-03-16 04:11:13'),
(326, '3600909', 'Muhammad Amirul Aswad Bin Abdullah', 'Operator', 34, 'FJB', NULL, 1, '2026-03-16 04:11:13', '2026-03-16 04:11:13'),
(327, '7300615', 'Najmi Iftiqar', 'Pembantu Makmal', 34, 'FJB', NULL, 1, '2026-03-16 04:11:13', '2026-03-16 04:11:13'),
(328, '7300669', 'Muhamad Firdaus Bin Mohd Khalid', 'Operator', 34, 'FJB', NULL, 1, '2026-03-16 04:11:13', '2026-03-16 04:11:13'),
(329, '3600542', 'Azmey Bin Kamari', 'Snr. Executive', 35, 'FJB', NULL, 1, '2026-03-16 04:11:13', '2026-03-16 04:11:13'),
(330, '3600543', 'Nasruddin Bin Ibrahim', 'Penyelia', 35, 'FJB', NULL, 1, '2026-03-16 04:11:13', '2026-03-16 04:11:13'),
(331, '3600547', 'Ridzuan Bin Safie', 'Penyelia', 35, 'FJB', NULL, 1, '2026-03-16 04:11:13', '2026-03-16 04:11:13'),
(332, '3600562', 'Muhamad Nur Al-Hafiz Bin Ahmad', 'Kerani', 35, 'FJB', NULL, 1, '2026-03-16 04:11:13', '2026-03-16 04:11:13'),
(333, '2700231', 'Muhammad Jamal Bin Mohamad Kamal', 'Kerani', 35, 'FJB', NULL, 1, '2026-03-16 04:11:13', '2026-03-16 04:11:13'),
(334, '3600895', 'Muhammad Fazlli Bin Manaf', 'Kerani Timbang', 35, 'FJB', NULL, 1, '2026-03-16 04:11:13', '2026-03-16 04:11:13'),
(335, '3600915', 'Muhammad Izz Hakim Bin Azman', 'Kerani Timbang', 35, 'FJB', NULL, 1, '2026-03-16 04:11:13', '2026-03-16 04:11:13'),
(336, '3600541', 'Zakariah Bin Hamid', 'Operator', 35, 'FJB', NULL, 1, '2026-03-16 04:11:13', '2026-03-16 04:11:13'),
(337, '3600550', 'Hamizon Bin Mohd Hashim', 'Operator', 35, 'FJB', NULL, 1, '2026-03-16 04:11:13', '2026-03-16 04:11:13'),
(338, '3600833', 'Muhammad Afiq Afnan Bin Mohd Nawi', 'Operator', 35, 'FJB', NULL, 1, '2026-03-16 04:11:13', '2026-03-16 04:11:13'),
(339, '3600844', 'Muhamad Razif Bin Kalam', 'Operator', 35, 'FJB', NULL, 1, '2026-03-16 04:11:13', '2026-03-16 04:11:13'),
(340, '3600878', 'Mohamad Faiz Bin Jaslan', 'Operator', 35, 'FJB', NULL, 1, '2026-03-16 04:11:13', '2026-03-16 04:11:13'),
(341, '3600888', 'Muhammad Irfan Bin Zainal', 'Operator', 35, 'FJB', NULL, 1, '2026-03-16 04:11:13', '2026-03-16 04:11:13'),
(342, '2700099', 'Norman Bin Md Zan', 'Pengurus KananTerminal/ Ketua Seksyen 3 & 4', 36, 'FBSB', NULL, 1, '2026-03-16 04:11:13', '2026-03-16 04:11:13'),
(343, '2700290', 'Mohd Zuhairi Bin Mazlan', 'Eksekutif Kanan Operasi', 36, 'FBSB', NULL, 1, '2026-03-16 04:11:13', '2026-03-16 04:11:13'),
(344, '2700234', 'Siti Rahmah Binti Sarif', 'Eksekutif Kanan Operasi (Chemist)', 36, 'FBSB', NULL, 1, '2026-03-16 04:11:13', '2026-03-16 04:11:13'),
(345, '2700215', 'Azhar Bin Jamaluddin @ Abdul Aziz', 'Eksekutif Kanan Operasi', 36, 'FBSB', NULL, 1, '2026-03-16 04:11:13', '2026-03-16 04:11:13'),
(346, '2700142', 'Muhammad Yazid bin Bakri', 'Eksekutif', 36, 'FBSB', NULL, 1, '2026-03-16 04:11:13', '2026-03-16 04:11:13'),
(347, '2700376', 'Syazani Bin Zulkarnain', 'Eksekutif Operasi', 36, 'FBSB', NULL, 1, '2026-03-16 04:11:13', '2026-03-16 04:11:13'),
(348, '2700357', 'Muhammad Suhaimi Hakim Bin Razab', 'Eksekutif Akaun', 36, 'FBSB', NULL, 1, '2026-03-16 04:11:13', '2026-03-16 04:11:13'),
(349, '2700075', 'Jimat Bin Noh', 'Kerani Perolehan (G5O)', 36, 'FBSB', NULL, 1, '2026-03-16 04:11:13', '2026-03-16 04:11:13'),
(350, '3600259', 'Syahrun Bin Draman', 'Penyelia Operasi', 36, 'FBSB', NULL, 1, '2026-03-16 04:11:13', '2026-03-16 04:11:13'),
(351, '2700031', 'Abdullah Sani Bin Sudin', 'Boiler House Chargeman', 36, 'FBSB', NULL, 1, '2026-03-16 04:11:13', '2026-03-16 04:11:13'),
(352, '2700092', 'Zul Hanif Bin Osman', 'Boiler House Chargeman', 36, 'FBSB', NULL, 1, '2026-03-16 04:11:13', '2026-03-16 04:11:13'),
(353, '2700049', 'Azmin Bin Seman', 'Chargeman Letrik', 36, 'FBSB', NULL, 1, '2026-03-16 04:11:13', '2026-03-16 04:11:13'),
(354, '1201716', 'Ajman Bin Ahmad', 'Foreman', 36, 'FBSB', NULL, 1, '2026-03-16 04:11:13', '2026-03-16 04:11:13'),
(355, '2700209', 'Azman Bin Mohamed', 'Penyelia Timbang/Stok', 36, 'FBSB', NULL, 1, '2026-03-16 04:11:13', '2026-03-16 04:11:13'),
(356, '2700190', 'Bulkhaiqril Firdaus Bin Zainal Ariffin', 'Penyelia Operasi', 36, 'FBSB', NULL, 1, '2026-03-16 04:11:13', '2026-03-16 04:11:13'),
(357, '2700210', 'Mohd Alias Bin Mat Yatim', 'Operator', 36, 'FBSB', NULL, 1, '2026-03-16 04:11:13', '2026-03-16 04:11:13'),
(358, '3600884', 'Muhammad Afiq Haikal Bin Abdul Halim', 'Operator', 36, 'FBSB', NULL, 1, '2026-03-16 04:11:13', '2026-03-16 04:11:13'),
(359, '2700118', 'Mohd Shahir Bin Ismail', 'Operator', 36, 'FBSB', NULL, 1, '2026-03-16 04:11:13', '2026-03-16 04:11:13'),
(360, '2700189', 'Mohd Tarmizol Bin Hanapi', 'Juruanalisa Makmal', 36, 'FBSB', NULL, 1, '2026-03-16 04:11:13', '2026-03-16 04:11:13'),
(361, '2700062', 'Morbe Bin Majid', 'Juruanalisa Makmal', 36, 'FBSB', NULL, 1, '2026-03-16 04:11:13', '2026-03-16 04:11:13'),
(362, '2700213', 'Muhamad Khairul Bin Sidek', 'Penyelia Operasi', 36, 'FBSB', NULL, 1, '2026-03-16 04:11:13', '2026-03-16 04:11:13'),
(363, '2700151', 'Nur Muhamad Bin Musa', 'Foreman', 36, 'FBSB', NULL, 1, '2026-03-16 04:11:13', '2026-03-16 04:11:13'),
(364, '2700033', 'Rohaimi Bin Jusoh', 'Penyelia Timbang/Stok', 36, 'FBSB', NULL, 1, '2026-03-16 04:11:13', '2026-03-16 04:11:13'),
(365, '2700110', 'Wan Razak Bin Wan Sulaiman', 'Operator Stok/ Timbang', 36, 'FBSB', NULL, 1, '2026-03-16 04:11:13', '2026-03-16 04:11:13'),
(366, '2700111', 'Zainal Abidin Bin Sidi', 'Boiler House Chargeman', 36, 'FBSB', NULL, 1, '2026-03-16 04:11:13', '2026-03-16 04:11:13'),
(367, '2700050', 'Fazidah Binti Mohd Said', 'Kerani (G4O)', 36, 'FBSB', NULL, 1, '2026-03-16 04:11:13', '2026-03-16 04:11:13'),
(368, '2700224', 'Mohd Fazrin Bin Onn', 'Operator', 36, 'FBSB', NULL, 1, '2026-03-16 04:11:13', '2026-03-16 04:11:13'),
(369, '2700223', 'Mohamad Zulkhairee Bin Zakaria', 'Operator Makmal', 36, 'FBSB', NULL, 1, '2026-03-16 04:11:13', '2026-03-16 04:11:13'),
(370, '2700240', 'Mohd Khairul Amri Bin Othman', 'Penyelia Timbang/Stok', 36, 'FBSB', NULL, 1, '2026-03-16 04:11:13', '2026-03-16 04:11:13'),
(371, '2700239', 'Mohamad Helmie Bin Jani', 'Operator', 36, 'FBSB', NULL, 1, '2026-03-16 04:11:13', '2026-03-16 04:11:13'),
(372, '2700247', 'Mohd Azriee Bin Ajman', 'Operator Stok / Timbang', 36, 'FBSB', NULL, 1, '2026-03-16 04:11:13', '2026-03-16 04:11:13'),
(373, '2700246', 'Mohd Nor Ikhram Bin Rosli', 'Penyelia Timbang/Stok', 36, 'FBSB', NULL, 1, '2026-03-16 04:11:13', '2026-03-16 04:11:13'),
(374, '2700248', 'Mohd Faiz Bin Zulkarnain', 'Operator', 36, 'FBSB', NULL, 1, '2026-03-16 04:11:13', '2026-03-16 04:11:13'),
(375, '2700251', 'Marliati Binti Ali', 'Kerani Perolehan (G5O)', 36, 'FBSB', NULL, 1, '2026-03-16 04:11:13', '2026-03-16 04:11:13'),
(376, '2700262', 'Mohamad Syaheran Bin Ahmad', 'Operator', 36, 'FBSB', NULL, 1, '2026-03-16 04:11:13', '2026-03-16 04:11:13'),
(377, '2700264', 'Wan Mohd Azuan Bin Wan Mohamad', 'Operator', 36, 'FBSB', NULL, 1, '2026-03-16 04:11:13', '2026-03-16 04:11:13'),
(378, '2700266', 'Muhammad Iqbal Bin Shahabudin', 'Operator', 36, 'FBSB', NULL, 1, '2026-03-16 04:11:13', '2026-03-16 04:11:13'),
(379, '2700269', 'Nur Mohd Sahrul Ramadan Bin Musa', 'Operator', 36, 'FBSB', NULL, 1, '2026-03-16 04:11:13', '2026-03-16 04:11:13');
INSERT INTO `staff` (`id`, `staff_no`, `name`, `position`, `department_id`, `company`, `email`, `is_active`, `created_at`, `updated_at`) VALUES
(380, '2700271', 'Mohd Azlim Bin Jemail', 'Operator', 36, 'FBSB', NULL, 1, '2026-03-16 04:11:13', '2026-03-16 04:11:13'),
(381, '2700272', 'Ahmad Syukri Bin Ahmad Nazri', 'Operator/ Makmal', 36, 'FBSB', NULL, 1, '2026-03-16 04:11:13', '2026-03-16 04:11:13'),
(382, '2700283', 'Muhammad Wafiy Bin Zainal Abidin', 'Operator Stok / Timbang', 36, 'FBSB', NULL, 1, '2026-03-16 04:11:13', '2026-03-16 04:11:13'),
(383, '2700358', 'Syazwan Bin Zulkarnain', 'Fitter Mekanik', 36, 'FBSB', NULL, 1, '2026-03-16 04:11:13', '2026-03-16 04:11:13'),
(384, '2700292', 'Mohd Adzli Bin Osman', 'Operator', 36, 'FBSB', NULL, 1, '2026-03-16 04:11:13', '2026-03-16 04:11:13'),
(385, '2700303', 'Muhammad Khairuddin Bin Rosli', 'Operator Stok / Timbang', 36, 'FBSB', NULL, 1, '2026-03-16 04:11:13', '2026-03-16 04:11:13'),
(386, '2700304', 'Luqmannul Hakim Bin Mohtar', 'Operator Stok / Timbang', 36, 'FBSB', NULL, 1, '2026-03-16 04:11:13', '2026-03-16 04:11:13'),
(387, '2700324', 'Mohd Khairulnizam Bin Rosli', 'Kerani Operasi (G5O)', 36, 'FBSB', NULL, 1, '2026-03-16 04:11:13', '2026-03-16 04:11:13'),
(388, '2700301', 'Muhammad Sofiyan Bin Zulaimi', 'Operator Makmal', 36, 'FBSB', NULL, 1, '2026-03-16 04:11:13', '2026-03-16 04:11:13'),
(389, '2700302', 'Muhammad Ridhwan Bin Mohd Kamal', 'Operator Makmal', 36, 'FBSB', NULL, 1, '2026-03-16 04:11:13', '2026-03-16 04:11:13'),
(390, '2700341', 'Muhamad Shukrie Bin Razali', 'Fitter Elektrik', 36, 'FBSB', NULL, 1, '2026-03-16 04:11:13', '2026-03-16 04:11:13'),
(391, '2700346', 'Mohamed Aziz Bin Dzulkifli', 'Operator', 36, 'FBSB', NULL, 1, '2026-03-16 04:11:13', '2026-03-16 04:11:13'),
(392, '2700344', 'Mohamad Azrie Fikrie Bin Razali', 'Operator', 36, 'FBSB', NULL, 1, '2026-03-16 04:11:13', '2026-03-16 04:11:13'),
(393, '2700354', 'Amri Fanshuri Bin Mohamad Shaudi', 'Operator', 36, 'FBSB', NULL, 1, '2026-03-16 04:11:13', '2026-03-16 04:11:13'),
(394, '2700356', 'Muhammad Aiddil Nain Bin Hassan', 'Operator', 36, 'FBSB', NULL, 1, '2026-03-16 04:11:13', '2026-03-16 04:11:13'),
(395, '2700373', 'Muhammad Nur Fitri Bin Mustaffa', 'Operator', 36, 'FBSB', NULL, 1, '2026-03-16 04:11:13', '2026-03-16 04:11:13'),
(396, '2507170', 'Muhammad Yusri Bin Md Akhir', 'Operator', 36, 'FBSB', NULL, 1, '2026-03-16 04:11:13', '2026-03-16 04:11:13'),
(397, '2700199', 'Mohd Fazree Bin Mohd', 'Penyelia Operasi', 36, 'FBSB', NULL, 1, '2026-03-16 04:11:13', '2026-03-16 04:11:13'),
(398, '2700411', 'Muhammad Nazirul Bin Rohaimi', 'Operator', 36, 'FBSB', NULL, 1, '2026-03-16 04:11:13', '2026-03-16 04:11:13'),
(399, '2700420', 'Muhammad Arif Iqmal Bin Abdul Halim', 'Operator', 36, 'FBSB', NULL, 1, '2026-03-16 04:11:13', '2026-03-16 04:11:13'),
(400, '2700421', 'Muhammad Asri bin Muhammad Zafrullah', 'Operator', 36, 'FBSB', NULL, 1, '2026-03-16 04:11:13', '2026-03-16 04:11:13'),
(401, '2700426', 'Amirul Budriz Bin Baharudin', 'Operator', 36, 'FBSB', NULL, 1, '2026-03-16 04:11:13', '2026-03-16 04:11:13'),
(402, '2700433', 'Wan Muhammad Amin Bin Wan Razak', 'Operator', 36, 'FBSB', NULL, 1, '2026-03-16 04:11:13', '2026-03-16 04:11:13'),
(403, '2700289', 'Syed Mohd Safwan Bin Sayed Md Saifuddin', 'Eksekutif Kanan Operasi', 37, 'FBSB', NULL, 1, '2026-03-16 04:11:13', '2026-03-16 04:11:13'),
(404, '2700157', 'Mohd Redzuan Bin Kamaruddin', 'Eksekutif Kanan', 37, 'FBSB', NULL, 1, '2026-03-16 04:11:13', '2026-03-16 04:11:13'),
(405, '2700378', 'Ahmad Muhaimin Bin Ahmad Nazeri', 'Eksekutif Operasi', 37, 'FBSB', NULL, 1, '2026-03-16 04:11:13', '2026-03-16 04:11:13'),
(406, '1210209', 'Muhamad Hanif Bin Adnan', 'Eksekutif Operasi', 37, 'FBSB', NULL, 1, '2026-03-16 04:11:13', '2026-03-16 04:11:13'),
(407, '2700032', 'Rozlan Bin Morih', 'Eksekutif (Kewangan)', 37, 'FBSB', NULL, 1, '2026-03-16 04:11:13', '2026-03-16 04:11:13'),
(408, '3600874', 'Irham Afiqie Bin Hanaffee', 'Eksekutif Operasi', 37, 'FBSB', NULL, 1, '2026-03-16 04:11:13', '2026-03-16 04:11:13'),
(409, '2700177', 'Mazelan Bin Abdullah', 'Boiler House Chargeman', 37, 'FBSB', NULL, 1, '2026-03-16 04:11:13', '2026-03-16 04:11:13'),
(410, '2700098', 'Miskam Bin Ahmad Tajari', 'Boiler House Chargeman', 37, 'FBSB', NULL, 1, '2026-03-16 04:11:13', '2026-03-16 04:11:13'),
(411, '2700045', 'Rosli Bin Awang', 'Chargeman Letrik', 37, 'FBSB', NULL, 1, '2026-03-16 04:11:13', '2026-03-16 04:11:13'),
(412, '2700056', 'Abdullah Bin Md Zain', 'Foreman', 37, 'FBSB', NULL, 1, '2026-03-16 04:11:13', '2026-03-16 04:11:13'),
(413, '2700122', 'Hazrul Shah Bin Mohamad', 'Penyelia Operasi', 37, 'FBSB', NULL, 1, '2026-03-16 04:11:13', '2026-03-16 04:11:13'),
(414, '2700200', 'Mohd Azlan Bin Ramly', 'Operator', 37, 'FBSB', NULL, 1, '2026-03-16 04:11:13', '2026-03-16 04:11:13'),
(415, '2700207', 'Mohd Hazim Bin Kamaruddin', 'Operator', 37, 'FBSB', NULL, 1, '2026-03-16 04:11:13', '2026-03-16 04:11:13'),
(416, '2700048', 'Raja Nor Iskandar Bin Raja Adnan', 'Operator Stok / Timbang', 37, 'FBSB', NULL, 1, '2026-03-16 04:11:13', '2026-03-16 04:11:13'),
(417, '2700123', 'Tuan Zainudin Bin Tuan Sulong', 'Penyelia Operasi', 37, 'FBSB', NULL, 1, '2026-03-16 04:11:13', '2026-03-16 04:11:13'),
(418, '2700152', 'Mohamed Alif Bin Mohamed Nor', 'Operator', 37, 'FBSB', NULL, 1, '2026-03-16 04:11:13', '2026-03-16 04:11:13'),
(419, '2700154', 'Mohd Faiz Bin Samsudin', 'Operator', 37, 'FBSB', NULL, 1, '2026-03-16 04:11:13', '2026-03-16 04:11:13'),
(420, '2700193', 'Mohd Hairrul Bin Harun', 'Operator', 37, 'FBSB', NULL, 1, '2026-03-16 04:11:13', '2026-03-16 04:11:13'),
(421, '2700061', 'Fauzi Bin Osman', 'Penyelia Operasi', 37, 'FBSB', NULL, 1, '2026-03-16 04:11:13', '2026-03-16 04:11:13'),
(422, '2700112', 'Rosidi Bin Abd Ghani', 'Penyelia Operasi', 37, 'FBSB', NULL, 1, '2026-03-16 04:11:13', '2026-03-16 04:11:13'),
(423, '2700236', 'Mohd Safarudin Bin Mohamad @ Masol', 'Operator', 37, 'FBSB', NULL, 1, '2026-03-16 04:11:13', '2026-03-16 04:11:13'),
(424, '2700237', 'Norazirah Binti Rahmat', 'Kerani (G5O)', 37, 'FBSB', NULL, 1, '2026-03-16 04:11:13', '2026-03-16 04:11:13'),
(425, '2700261', 'Mohamad Fazrin Bin Razali', 'Boiler House Chargeman', 37, 'FBSB', NULL, 1, '2026-03-16 04:11:13', '2026-03-16 04:11:13'),
(426, '2700334', 'Muhammad Yussaifulrizam Bin AB Manan', 'Operator', 37, 'FBSB', NULL, 1, '2026-03-16 04:11:13', '2026-03-16 04:11:13'),
(427, '2700340', 'Mohd Amirul Amir Bin Abdul Razak', 'Operator Stok / Timbang', 37, 'FBSB', NULL, 1, '2026-03-16 04:11:13', '2026-03-16 04:11:13'),
(428, '2700286', 'Mohd Khairil Aimandin Bin Karuddin', 'Fitter Mekanik', 37, 'FBSB', NULL, 1, '2026-03-16 04:11:13', '2026-03-16 04:11:13'),
(429, '3600797', 'Muhammad Syafiq Bin Ismail', 'Operator', 37, 'FBSB', NULL, 1, '2026-03-16 04:11:13', '2026-03-16 04:11:13'),
(430, '2700404', 'Muhammad Faris Syahmi Bin Pauzi', 'Operator', 37, 'FBSB', NULL, 1, '2026-03-16 04:11:13', '2026-03-16 04:11:13'),
(431, '2700429', 'Asmat Bin Alias', 'Operator', 37, 'FBSB', NULL, 1, '2026-03-16 04:11:13', '2026-03-16 04:11:13'),
(432, '1201457', 'Hj Jailani Bin Mohammad', 'Pengurus', 38, 'FBSB', NULL, 1, '2026-03-16 04:11:13', '2026-03-16 04:11:13'),
(433, '3600168', 'Hasrin Bin Aspari', 'Eksekutif  Kanan Operasi', 38, 'FBSB', NULL, 1, '2026-03-16 04:11:13', '2026-03-16 04:11:13'),
(434, '3600707', 'Mohd Khalil Khusairi Bin Rushdan', 'Eksekutif Kanan Operasi', 38, 'FBSB', NULL, 1, '2026-03-16 04:11:13', '2026-03-16 04:11:13'),
(435, '2700361', 'Mohamed Faiz Bin Mohamed Din', 'Eksekutif Operasi', 38, 'FBSB', NULL, 1, '2026-03-16 04:11:13', '2026-03-16 04:11:13'),
(436, '2700104', 'Mohamad Nazri Bin M Zaini', 'Boiler House Chargeman 1/ Penyelia Operasi', 38, 'FBSB', NULL, 1, '2026-03-16 04:11:13', '2026-03-16 04:11:13'),
(437, '2700194', 'Mohd Khairul Bin Baharudin', 'Kerani Timbang', 38, 'FBSB', NULL, 1, '2026-03-16 04:11:13', '2026-03-16 04:11:13'),
(438, '2700138', 'Muhamad Hafizy bin Hassan', 'Operator', 38, 'FBSB', NULL, 1, '2026-03-16 04:11:13', '2026-03-16 04:11:13'),
(439, '2700058', 'Wan Noor Shaidy B. Wan Ahmad', 'Penyelia Operasi', 38, 'FBSB', NULL, 1, '2026-03-16 04:11:13', '2026-03-16 04:11:13'),
(440, '2700071', 'Azizah Binti Baharudin', 'Kerani Akaun & Admin', 38, 'FBSB', NULL, 1, '2026-03-16 04:11:13', '2026-03-16 04:11:13'),
(441, '2700220', 'Mohd Fahzeli Bin Isnin', 'Fitter Letrik', 38, 'FBSB', NULL, 1, '2026-03-16 04:11:13', '2026-03-16 04:11:13'),
(442, '2700241', 'Nasruddin Bin Mohd Noor', 'Penyelia Operasi (Kerani Timbang)', 38, 'FBSB', NULL, 1, '2026-03-16 04:11:13', '2026-03-16 04:11:13'),
(443, '2700242', 'Kairol @ Eswandi Bin Jamaludin', 'Kerani Stok (G5T)', 38, 'FBSB', NULL, 1, '2026-03-16 04:11:13', '2026-03-16 04:11:13'),
(444, '2700259', 'Mohd Fazlie Bin Jalil', 'Chargeman Letrik', 38, 'FBSB', NULL, 1, '2026-03-16 04:11:13', '2026-03-16 04:11:13'),
(445, '2700273', 'Muhammad Asyraf Bin Ismail', 'Penyelia Makmal', 38, 'FBSB', NULL, 1, '2026-03-16 04:11:13', '2026-03-16 04:11:13'),
(446, '2700274', 'Muhammad Faizal Bin Mohd Isa', 'Operator', 38, 'FBSB', NULL, 1, '2026-03-16 04:11:13', '2026-03-16 04:11:13'),
(447, '2700313', 'Muhammad Rusydi Bin Roslan', 'Operator Makmal', 38, 'FBSB', NULL, 1, '2026-03-16 04:11:13', '2026-03-16 04:11:13'),
(448, '2700320', 'Mohammad Fikhrie Bin Mahfudz', 'Foreman', 38, 'FBSB', NULL, 1, '2026-03-16 04:11:13', '2026-03-16 04:11:13'),
(449, '2700325', 'Khairul Fezli Bin Baharuddin', 'Kerani Perolehan (G6O)', 38, 'FBSB', NULL, 1, '2026-03-16 04:11:13', '2026-03-16 04:11:13'),
(450, '2700327', 'Farhan Hadri Bin Nordin', 'Operator Makmal', 38, 'FBSB', NULL, 1, '2026-03-16 04:11:13', '2026-03-16 04:11:13'),
(451, '2700363', 'Afiszan Bin Ahmad', 'Operator', 38, 'FBSB', NULL, 1, '2026-03-16 04:11:13', '2026-03-16 04:11:13'),
(452, '2700364', 'Ahmad Faiz Bin Mohammed Hizam', 'Operator', 38, 'FBSB', NULL, 1, '2026-03-16 04:11:13', '2026-03-16 04:11:13'),
(453, '2700365', 'Nik Abdul Hadi Bin Nik Him', 'Boiler House Chargeman', 38, 'FBSB', NULL, 1, '2026-03-16 04:11:13', '2026-03-16 04:11:13'),
(454, '2700374', 'Syafiq Bin Zulkarnain', 'Operator', 38, 'FBSB', NULL, 1, '2026-03-16 04:11:13', '2026-03-16 04:11:13'),
(455, '2700390', 'Abdul Basyir Bin Abdul Rahim', 'Operator', 38, 'FBSB', NULL, 1, '2026-03-16 04:11:13', '2026-03-16 04:11:13'),
(456, '2700392', 'Hafiz Nur Izwan Bin Jimat', 'Operator', 38, 'FBSB', NULL, 1, '2026-03-16 04:11:13', '2026-03-16 04:11:13'),
(457, '2700393', 'Muhammad Habibullah Bin Roslee', 'Operator', 38, 'FBSB', NULL, 1, '2026-03-16 04:11:13', '2026-03-16 04:11:13'),
(458, '2700400', 'Hairul Izzarin Bin Razali', 'Operator', 38, 'FBSB', NULL, 1, '2026-03-16 04:11:13', '2026-03-16 04:11:13'),
(459, '2700406', 'Mohd Lokman Nul Hakim Bin Ismail', 'Operator', 38, 'FBSB', NULL, 1, '2026-03-16 04:11:13', '2026-03-16 04:11:13'),
(460, '2700423', 'Ahmad Ridhwan Bin Ahmad Yusaimi', 'Operator', 38, 'FBSB', NULL, 1, '2026-03-16 04:11:13', '2026-03-16 04:11:13'),
(461, '2700427', 'Shahmie Fais Bin Sharun Fadillah', 'Operator', 38, 'FBSB', NULL, 1, '2026-03-16 04:11:13', '2026-03-16 04:11:13'),
(462, '2700432', 'Muhammad Amirul Arsyad Bin Hairul Hassni', 'Operator', 38, 'FBSB', NULL, 1, '2026-03-16 04:11:13', '2026-03-16 04:11:13'),
(463, '1100484', 'Mohd Erdiwana Bin Anorpaia', 'Pengurus', 39, 'FBSB', NULL, 1, '2026-03-16 04:11:13', '2026-03-16 04:11:13'),
(464, '3600873', 'Rasydan Nabil Bin Ramlan', 'Eksekutif Operasi', 39, 'FBSB', NULL, 1, '2026-03-16 04:11:13', '2026-03-16 04:11:13'),
(465, '2700328', 'Muzaman Bin Mendis', 'Pembantu Eksekutif', 39, 'FBSB', NULL, 1, '2026-03-16 04:11:13', '2026-03-16 04:11:13'),
(466, '2700120', 'Jumati Bin Lasima', 'Kerani', 39, 'FBSB', NULL, 1, '2026-03-16 04:11:13', '2026-03-16 04:11:13'),
(467, '2700129', 'Abdul Jamil Bin Managola', 'Boiler House Chargeman', 39, 'FBSB', NULL, 1, '2026-03-16 04:11:13', '2026-03-16 04:11:13'),
(468, '2700064', 'Jumadi Gani', 'Boiler House Chargeman', 39, 'FBSB', NULL, 1, '2026-03-16 04:11:13', '2026-03-16 04:11:13'),
(469, '2700276', 'Ramsyah Bin Rahman', 'Operator', 39, 'FBSB', NULL, 1, '2026-03-16 04:11:13', '2026-03-16 04:11:13'),
(470, '2700174', 'Mohd Sabri Bin Istir', 'Juruanalisa Makmal', 39, 'FBSB', NULL, 1, '2026-03-16 04:11:13', '2026-03-16 04:11:13'),
(471, '2700175', 'Taufik Bin Mohd Nasir', 'Operator', 39, 'FBSB', NULL, 1, '2026-03-16 04:11:13', '2026-03-16 04:11:13'),
(472, '2700164', 'Nerwansah Bin Basirun', 'Juruanalisa Makmal', 39, 'FBSB', NULL, 1, '2026-03-16 04:11:13', '2026-03-16 04:11:13'),
(473, '2700227', 'Lamaludin Bin Lantoma', 'Fitter Mekanikal', 39, 'FBSB', NULL, 1, '2026-03-16 04:11:13', '2026-03-16 04:11:13'),
(474, '2700228', 'Amansa Bin Pusal', 'Fitter Letrik', 39, 'FBSB', NULL, 1, '2026-03-16 04:11:13', '2026-03-16 04:11:13'),
(475, '2700121', 'Rahman Bin Baco', 'Penyelia', 39, 'FBSB', NULL, 1, '2026-03-16 04:11:13', '2026-03-16 04:11:13'),
(476, '2700293', 'Teguh Aditrisna Bin Mujiono', 'Kerani Perolehan', 39, 'FBSB', NULL, 1, '2026-03-16 04:11:13', '2026-03-16 04:11:13'),
(477, '2700330', 'Abdul Kadir Bin Tantila', 'Operator', 39, 'FBSB', NULL, 1, '2026-03-16 04:11:13', '2026-03-16 04:11:13'),
(478, '2700331', 'Mohamad Shahrul Nizam Bin Mohamad Aris', 'Operator', 39, 'FBSB', NULL, 1, '2026-03-16 04:11:13', '2026-03-16 04:11:13'),
(479, '2700399', 'Mohd Azfar Bin Ahaja', 'Operator', 39, 'FBSB', NULL, 1, '2026-03-16 04:11:13', '2026-03-16 04:11:13'),
(480, '2700407', 'Mohammad Aiman Bin Osman', 'Operator', 39, 'FBSB', NULL, 1, '2026-03-16 04:11:13', '2026-03-16 04:11:13'),
(481, '2700434', 'Shahril Bin Basri', 'Operator', 39, 'FBSB', NULL, 1, '2026-03-16 04:11:13', '2026-03-16 04:11:13'),
(482, '2700097', 'Bensar Bin Abdul Hamid', 'Pengurus Kanan/ Ketua Seksyen 5', 40, 'FBSB', NULL, 1, '2026-03-16 04:11:13', '2026-03-16 04:11:13'),
(483, '2700202', 'Shafarizan Bin Omar', 'Pengurus', 40, 'FBSB', NULL, 1, '2026-03-16 04:11:13', '2026-03-16 04:11:13'),
(484, '3600872', 'Mohd Aslan Bin Moleng', 'Eksekutif Operasi', 40, 'FBSB', NULL, 1, '2026-03-16 04:11:13', '2026-03-16 04:11:13'),
(485, '2700204', 'Mohd Firdaus Bin Musnadi', 'Kerani', 40, 'FBSB', NULL, 1, '2026-03-16 04:11:13', '2026-03-16 04:11:13'),
(486, '2700094', 'Darmansah Bin Herman', 'Kerani', 40, 'FBSB', NULL, 1, '2026-03-16 04:11:13', '2026-03-16 04:11:13'),
(487, '2700063', 'Asmi Bin Asbat', 'Boiler House Chargeman', 40, 'FBSB', NULL, 1, '2026-03-16 04:11:13', '2026-03-16 04:11:13'),
(488, '1206856', 'Azmin Bin Lanjaihu', 'Boiler House Chargeman', 40, 'FBSB', NULL, 1, '2026-03-16 04:11:13', '2026-03-16 04:11:13'),
(489, '2700066', 'Azizan Bin Lakim', 'Fitter Letrik', 40, 'FBSB', NULL, 1, '2026-03-16 04:11:13', '2026-03-16 04:11:13'),
(490, '2700100', 'Dahlan Bin Hj Alias', 'Penyelia Operasi (G5T)', 40, 'FBSB', NULL, 1, '2026-03-16 04:11:13', '2026-03-16 04:11:13'),
(491, '2700162', 'Sutrisno Bin Samuri', 'Operator', 40, 'FBSB', NULL, 1, '2026-03-16 04:11:13', '2026-03-16 04:11:13'),
(492, '2700078', 'Jumaat Bin Noor', 'Penyelia Operasi (G5T)', 40, 'FBSB', NULL, 1, '2026-03-16 04:11:13', '2026-03-16 04:11:13'),
(493, '2700103', 'Ramani Bin Maraki', 'Operator', 40, 'FBSB', NULL, 1, '2026-03-16 04:11:13', '2026-03-16 04:11:13'),
(494, '2700229', 'Azwan Bin Adam', 'Chargeman Letrik', 40, 'FBSB', NULL, 1, '2026-03-16 04:11:13', '2026-03-16 04:11:13'),
(495, '2700243', 'Hamsah Bin Ahmad', 'Operator/ Makmal', 40, 'FBSB', NULL, 1, '2026-03-16 04:11:13', '2026-03-16 04:11:13'),
(496, '2700166', 'Malik bin Ibrahim', 'Kerani Stok', 40, 'FBSB', NULL, 1, '2026-03-16 04:11:13', '2026-03-16 04:11:13'),
(497, '1206992', 'Abdul Rashid Bin Awang', 'Fitter Mekanik', 40, 'FBSB', NULL, 1, '2026-03-16 04:11:13', '2026-03-16 04:11:13'),
(498, '2700279', 'Hasrul Bin Ramon', 'Kerani', 40, 'FBSB', NULL, 1, '2026-03-16 04:11:13', '2026-03-16 04:11:13'),
(499, '2700281', 'Mohd Ridzwan Bin Jawawi', 'Operator', 40, 'FBSB', NULL, 1, '2026-03-16 04:11:13', '2026-03-16 04:11:13'),
(500, '2700297', 'Mohd Khairulmizan Bin Zulkobli', 'Operator', 40, 'FBSB', NULL, 1, '2026-03-16 04:11:13', '2026-03-16 04:11:13'),
(501, '2700319', 'Saipul Bin Mohamad', 'Operator', 40, 'FBSB', NULL, 1, '2026-03-16 04:11:13', '2026-03-16 04:11:13'),
(502, '2700332', 'Alvin Hong Bin Seloi', 'Operator', 40, 'FBSB', NULL, 1, '2026-03-16 04:11:13', '2026-03-16 04:11:13'),
(503, '2700384', 'Muhd Rosaidil Aizzat Bin Muhammad Fitri', 'Operator', 40, 'FBSB', NULL, 1, '2026-03-16 04:11:13', '2026-03-16 04:11:13'),
(504, '2700422', 'Mohd Qhamarullah Bin Khamis', 'Operator', 40, 'FBSB', NULL, 1, '2026-03-16 04:11:13', '2026-03-16 04:11:13'),
(505, '7300199', 'Muhammad Firdaus Bin Ahmad Maliki', 'Operator', 40, 'FBSB', NULL, 1, '2026-03-16 04:11:13', '2026-03-16 04:11:13');

-- --------------------------------------------------------

--
-- Table structure for table `system_settings`
--

CREATE TABLE `system_settings` (
  `setting_key` varchar(100) NOT NULL,
  `setting_value` varchar(255) NOT NULL,
  `updated_by` int(11) DEFAULT NULL,
  `updated_at` timestamp NOT NULL DEFAULT current_timestamp() ON UPDATE current_timestamp()
) ENGINE=InnoDB DEFAULT CHARSET=utf8mb4 COLLATE=utf8mb4_unicode_ci;

--
-- Dumping data for table `system_settings`
--

INSERT INTO `system_settings` (`setting_key`, `setting_value`, `updated_by`, `updated_at`) VALUES
('module_family', '1', NULL, '2026-03-16 04:11:13'),
('module_requests', '1', NULL, '2026-03-16 04:11:13'),
('module_rooms', '1', NULL, '2026-03-16 04:11:13'),
('module_staff', '1', NULL, '2026-03-16 04:11:13'),
('module_training', '1', NULL, '2026-03-16 04:11:13');

-- --------------------------------------------------------

--
-- Table structure for table `training_attendances`
--

CREATE TABLE `training_attendances` (
  `id` int(11) NOT NULL,
  `staff_id` int(11) NOT NULL,
  `course_id` int(11) NOT NULL,
  `status` enum('Completed','In Progress','Scheduled') DEFAULT 'Completed',
  `remarks` text DEFAULT NULL,
  `created_by` int(11) DEFAULT NULL,
  `created_at` timestamp NOT NULL DEFAULT current_timestamp()
) ENGINE=InnoDB DEFAULT CHARSET=utf8mb4 COLLATE=utf8mb4_unicode_ci;

--
-- Dumping data for table `training_attendances`
--

INSERT INTO `training_attendances` (`id`, `staff_id`, `course_id`, `status`, `remarks`, `created_by`, `created_at`) VALUES
(1, 1, 18, 'Completed', NULL, NULL, '2026-03-16 04:11:13'),
(2, 1, 26, 'Completed', NULL, NULL, '2026-03-16 04:11:13'),
(3, 2, 17, 'Completed', NULL, NULL, '2026-03-16 04:11:13'),
(4, 2, 18, 'Completed', NULL, NULL, '2026-03-16 04:11:13'),
(5, 3, 86, 'Completed', NULL, NULL, '2026-03-16 04:11:13'),
(6, 3, 100, 'Completed', NULL, NULL, '2026-03-16 04:11:13'),
(7, 3, 39, 'Completed', NULL, NULL, '2026-03-16 04:11:13'),
(8, 3, 89, 'Completed', NULL, NULL, '2026-03-16 04:11:13'),
(9, 4, 86, 'Completed', NULL, NULL, '2026-03-16 04:11:13'),
(10, 4, 97, 'Completed', NULL, NULL, '2026-03-16 04:11:13'),
(11, 5, 18, 'Completed', NULL, NULL, '2026-03-16 04:11:13'),
(12, 7, 66, 'Completed', NULL, NULL, '2026-03-16 04:11:13'),
(13, 8, 96, 'Completed', NULL, NULL, '2026-03-16 04:11:13'),
(14, 8, 48, 'Completed', NULL, NULL, '2026-03-16 04:11:13'),
(15, 9, 95, 'Completed', NULL, NULL, '2026-03-16 04:11:13'),
(16, 10, 95, 'Completed', NULL, NULL, '2026-03-16 04:11:13'),
(17, 11, 88, 'Completed', NULL, NULL, '2026-03-16 04:11:13'),
(18, 11, 87, 'Completed', NULL, NULL, '2026-03-16 04:11:13'),
(19, 12, 87, 'Completed', NULL, NULL, '2026-03-16 04:11:13'),
(20, 12, 90, 'Completed', NULL, NULL, '2026-03-16 04:11:13'),
(21, 12, 102, 'Completed', NULL, NULL, '2026-03-16 04:11:13'),
(22, 13, 85, 'Completed', NULL, NULL, '2026-03-16 04:11:13'),
(23, 13, 90, 'Completed', NULL, NULL, '2026-03-16 04:11:13'),
(24, 13, 102, 'Completed', NULL, NULL, '2026-03-16 04:11:13'),
(25, 14, 86, 'Completed', NULL, NULL, '2026-03-16 04:11:13'),
(26, 14, 39, 'Completed', NULL, NULL, '2026-03-16 04:11:13'),
(27, 15, 11, 'Completed', NULL, NULL, '2026-03-16 04:11:13'),
(28, 15, 100, 'Completed', NULL, NULL, '2026-03-16 04:11:13'),
(29, 16, 18, 'Completed', NULL, NULL, '2026-03-16 04:11:13'),
(30, 16, 100, 'Completed', NULL, NULL, '2026-03-16 04:11:13'),
(31, 16, 87, 'Completed', NULL, NULL, '2026-03-16 04:11:13'),
(32, 16, 90, 'Completed', NULL, NULL, '2026-03-16 04:11:13'),
(33, 17, 19, 'Completed', NULL, NULL, '2026-03-16 04:11:13'),
(34, 17, 32, 'Completed', NULL, NULL, '2026-03-16 04:11:13'),
(35, 17, 11, 'Completed', NULL, NULL, '2026-03-16 04:11:13'),
(36, 17, 35, 'Completed', NULL, NULL, '2026-03-16 04:11:13'),
(37, 18, 32, 'Completed', NULL, NULL, '2026-03-16 04:11:13'),
(38, 18, 101, 'Completed', NULL, NULL, '2026-03-16 04:11:13'),
(39, 18, 102, 'Completed', NULL, NULL, '2026-03-16 04:11:13'),
(40, 19, 15, 'Completed', NULL, NULL, '2026-03-16 04:11:13'),
(41, 19, 19, 'Completed', NULL, NULL, '2026-03-16 04:11:13'),
(42, 19, 32, 'Completed', NULL, NULL, '2026-03-16 04:11:13'),
(43, 19, 101, 'Completed', NULL, NULL, '2026-03-16 04:11:13'),
(44, 19, 35, 'Completed', NULL, NULL, '2026-03-16 04:11:13'),
(45, 20, 50, 'Completed', NULL, NULL, '2026-03-16 04:11:13'),
(46, 20, 85, 'Completed', NULL, NULL, '2026-03-16 04:11:13'),
(47, 20, 100, 'Completed', NULL, NULL, '2026-03-16 04:11:13'),
(48, 20, 35, 'Completed', NULL, NULL, '2026-03-16 04:11:13'),
(49, 21, 50, 'Completed', NULL, NULL, '2026-03-16 04:11:13'),
(50, 21, 101, 'Completed', NULL, NULL, '2026-03-16 04:11:13'),
(51, 21, 35, 'Completed', NULL, NULL, '2026-03-16 04:11:13'),
(52, 22, 50, 'Completed', NULL, NULL, '2026-03-16 04:11:13'),
(53, 22, 78, 'Completed', NULL, NULL, '2026-03-16 04:11:13'),
(54, 22, 76, 'Completed', NULL, NULL, '2026-03-16 04:11:13'),
(55, 22, 85, 'Completed', NULL, NULL, '2026-03-16 04:11:13'),
(56, 22, 100, 'Completed', NULL, NULL, '2026-03-16 04:11:13'),
(57, 22, 96, 'Completed', NULL, NULL, '2026-03-16 04:11:13'),
(58, 22, 39, 'Completed', NULL, NULL, '2026-03-16 04:11:13'),
(59, 23, 50, 'Completed', NULL, NULL, '2026-03-16 04:11:13'),
(60, 23, 78, 'Completed', NULL, NULL, '2026-03-16 04:11:13'),
(61, 23, 76, 'Completed', NULL, NULL, '2026-03-16 04:11:13'),
(62, 23, 85, 'Completed', NULL, NULL, '2026-03-16 04:11:13'),
(63, 23, 100, 'Completed', NULL, NULL, '2026-03-16 04:11:13'),
(64, 23, 96, 'Completed', NULL, NULL, '2026-03-16 04:11:13'),
(65, 24, 18, 'Completed', NULL, NULL, '2026-03-16 04:11:13'),
(66, 24, 21, 'Completed', NULL, NULL, '2026-03-16 04:11:13'),
(67, 24, 101, 'Completed', NULL, NULL, '2026-03-16 04:11:13'),
(68, 24, 89, 'Completed', NULL, NULL, '2026-03-16 04:11:13'),
(69, 25, 21, 'Completed', NULL, NULL, '2026-03-16 04:11:13'),
(70, 25, 33, 'Completed', NULL, NULL, '2026-03-16 04:11:13'),
(71, 25, 35, 'Completed', NULL, NULL, '2026-03-16 04:11:13'),
(72, 26, 21, 'Completed', NULL, NULL, '2026-03-16 04:11:13'),
(73, 26, 33, 'Completed', NULL, NULL, '2026-03-16 04:11:13'),
(74, 26, 101, 'Completed', NULL, NULL, '2026-03-16 04:11:13'),
(75, 26, 35, 'Completed', NULL, NULL, '2026-03-16 04:11:13'),
(76, 26, 102, 'Completed', NULL, NULL, '2026-03-16 04:11:13'),
(77, 27, 78, 'Completed', NULL, NULL, '2026-03-16 04:11:13'),
(78, 27, 76, 'Completed', NULL, NULL, '2026-03-16 04:11:13'),
(79, 27, 33, 'Completed', NULL, NULL, '2026-03-16 04:11:13'),
(80, 27, 85, 'Completed', NULL, NULL, '2026-03-16 04:11:13'),
(81, 27, 100, 'Completed', NULL, NULL, '2026-03-16 04:11:13'),
(82, 27, 96, 'Completed', NULL, NULL, '2026-03-16 04:11:13'),
(83, 27, 97, 'Completed', NULL, NULL, '2026-03-16 04:11:13'),
(84, 28, 100, 'Completed', NULL, NULL, '2026-03-16 04:11:13'),
(85, 28, 87, 'Completed', NULL, NULL, '2026-03-16 04:11:13'),
(86, 28, 89, 'Completed', NULL, NULL, '2026-03-16 04:11:13'),
(87, 29, 50, 'Completed', NULL, NULL, '2026-03-16 04:11:13'),
(88, 29, 85, 'Completed', NULL, NULL, '2026-03-16 04:11:13'),
(89, 29, 100, 'Completed', NULL, NULL, '2026-03-16 04:11:13'),
(90, 29, 97, 'Completed', NULL, NULL, '2026-03-16 04:11:13'),
(91, 30, 17, 'Completed', NULL, NULL, '2026-03-16 04:11:13'),
(92, 31, 11, 'Completed', NULL, NULL, '2026-03-16 04:11:13'),
(93, 31, 32, 'Completed', NULL, NULL, '2026-03-16 04:11:13'),
(94, 34, 37, 'Completed', NULL, NULL, '2026-03-16 04:11:13'),
(95, 35, 17, 'Completed', NULL, NULL, '2026-03-16 04:11:13'),
(96, 36, 18, 'Completed', NULL, NULL, '2026-03-16 04:11:13'),
(97, 37, 34, 'Completed', NULL, NULL, '2026-03-16 04:11:13'),
(98, 38, 8, 'Completed', NULL, NULL, '2026-03-16 04:11:13'),
(99, 38, 18, 'Completed', NULL, NULL, '2026-03-16 04:11:13'),
(100, 38, 89, 'Completed', NULL, NULL, '2026-03-16 04:11:13'),
(101, 39, 3, 'Completed', NULL, NULL, '2026-03-16 04:11:13'),
(102, 39, 6, 'Completed', NULL, NULL, '2026-03-16 04:11:13'),
(103, 39, 8, 'Completed', NULL, NULL, '2026-03-16 04:11:13'),
(104, 39, 13, 'Completed', NULL, NULL, '2026-03-16 04:11:13'),
(105, 39, 18, 'Completed', NULL, NULL, '2026-03-16 04:11:13'),
(106, 39, 25, 'Completed', NULL, NULL, '2026-03-16 04:11:13'),
(107, 39, 29, 'Completed', NULL, NULL, '2026-03-16 04:11:13'),
(108, 39, 97, 'Completed', NULL, NULL, '2026-03-16 04:11:13'),
(109, 40, 86, 'Completed', NULL, NULL, '2026-03-16 04:11:13'),
(110, 40, 101, 'Completed', NULL, NULL, '2026-03-16 04:11:13'),
(111, 41, 85, 'Completed', NULL, NULL, '2026-03-16 04:11:13'),
(112, 41, 101, 'Completed', NULL, NULL, '2026-03-16 04:11:13'),
(113, 41, 102, 'Completed', NULL, NULL, '2026-03-16 04:11:13'),
(114, 42, 85, 'Completed', NULL, NULL, '2026-03-16 04:11:13'),
(115, 42, 102, 'Completed', NULL, NULL, '2026-03-16 04:11:13'),
(116, 42, 39, 'Completed', NULL, NULL, '2026-03-16 04:11:13'),
(117, 43, 6, 'Completed', NULL, NULL, '2026-03-16 04:11:13'),
(118, 43, 13, 'Completed', NULL, NULL, '2026-03-16 04:11:13'),
(119, 43, 78, 'Completed', NULL, NULL, '2026-03-16 04:11:13'),
(120, 43, 76, 'Completed', NULL, NULL, '2026-03-16 04:11:13'),
(121, 43, 77, 'Completed', NULL, NULL, '2026-03-16 04:11:13'),
(122, 43, 100, 'Completed', NULL, NULL, '2026-03-16 04:11:13'),
(123, 43, 96, 'Completed', NULL, NULL, '2026-03-16 04:11:13'),
(124, 44, 13, 'Completed', NULL, NULL, '2026-03-16 04:11:13'),
(125, 44, 85, 'Completed', NULL, NULL, '2026-03-16 04:11:13'),
(126, 44, 100, 'Completed', NULL, NULL, '2026-03-16 04:11:13'),
(127, 44, 89, 'Completed', NULL, NULL, '2026-03-16 04:11:13'),
(128, 45, 50, 'Completed', NULL, NULL, '2026-03-16 04:11:13'),
(129, 45, 86, 'Completed', NULL, NULL, '2026-03-16 04:11:13'),
(130, 45, 90, 'Completed', NULL, NULL, '2026-03-16 04:11:13'),
(131, 46, 8, 'Completed', NULL, NULL, '2026-03-16 04:11:13'),
(132, 46, 18, 'Completed', NULL, NULL, '2026-03-16 04:11:13'),
(133, 46, 95, 'Completed', NULL, NULL, '2026-03-16 04:11:13'),
(134, 46, 96, 'Completed', NULL, NULL, '2026-03-16 04:11:13'),
(135, 46, 102, 'Completed', NULL, NULL, '2026-03-16 04:11:13'),
(136, 47, 73, 'Completed', NULL, NULL, '2026-03-16 04:11:13'),
(137, 47, 100, 'Completed', NULL, NULL, '2026-03-16 04:11:13'),
(138, 47, 95, 'Completed', NULL, NULL, '2026-03-16 04:11:13'),
(139, 47, 102, 'Completed', NULL, NULL, '2026-03-16 04:11:13'),
(140, 48, 8, 'Completed', NULL, NULL, '2026-03-16 04:11:13'),
(141, 48, 18, 'Completed', NULL, NULL, '2026-03-16 04:11:13'),
(142, 48, 100, 'Completed', NULL, NULL, '2026-03-16 04:11:13'),
(143, 48, 87, 'Completed', NULL, NULL, '2026-03-16 04:11:13'),
(144, 48, 102, 'Completed', NULL, NULL, '2026-03-16 04:11:13'),
(145, 48, 89, 'Completed', NULL, NULL, '2026-03-16 04:11:13'),
(146, 49, 60, 'Completed', NULL, NULL, '2026-03-16 04:11:13'),
(147, 49, 22, 'Completed', NULL, NULL, '2026-03-16 04:11:13'),
(148, 49, 86, 'Completed', NULL, NULL, '2026-03-16 04:11:13'),
(149, 49, 100, 'Completed', NULL, NULL, '2026-03-16 04:11:13'),
(150, 49, 102, 'Completed', NULL, NULL, '2026-03-16 04:11:13'),
(151, 50, 100, 'Completed', NULL, NULL, '2026-03-16 04:11:13'),
(152, 50, 95, 'Completed', NULL, NULL, '2026-03-16 04:11:13'),
(153, 50, 96, 'Completed', NULL, NULL, '2026-03-16 04:11:13'),
(154, 50, 102, 'Completed', NULL, NULL, '2026-03-16 04:11:13'),
(155, 51, 6, 'Completed', NULL, NULL, '2026-03-16 04:11:13'),
(156, 51, 63, 'Completed', NULL, NULL, '2026-03-16 04:11:13'),
(157, 51, 77, 'Completed', NULL, NULL, '2026-03-16 04:11:13'),
(158, 51, 101, 'Completed', NULL, NULL, '2026-03-16 04:11:13'),
(159, 51, 95, 'Completed', NULL, NULL, '2026-03-16 04:11:13'),
(160, 51, 102, 'Completed', NULL, NULL, '2026-03-16 04:11:13'),
(161, 52, 77, 'Completed', NULL, NULL, '2026-03-16 04:11:13'),
(162, 52, 101, 'Completed', NULL, NULL, '2026-03-16 04:11:13'),
(163, 52, 87, 'Completed', NULL, NULL, '2026-03-16 04:11:13'),
(164, 52, 96, 'Completed', NULL, NULL, '2026-03-16 04:11:13'),
(165, 52, 39, 'Completed', NULL, NULL, '2026-03-16 04:11:13'),
(166, 53, 77, 'Completed', NULL, NULL, '2026-03-16 04:11:13'),
(167, 53, 100, 'Completed', NULL, NULL, '2026-03-16 04:11:13'),
(168, 53, 87, 'Completed', NULL, NULL, '2026-03-16 04:11:13'),
(169, 54, 50, 'Completed', NULL, NULL, '2026-03-16 04:11:13'),
(170, 54, 55, 'Completed', NULL, NULL, '2026-03-16 04:11:13'),
(171, 54, 18, 'Completed', NULL, NULL, '2026-03-16 04:11:13'),
(172, 54, 100, 'Completed', NULL, NULL, '2026-03-16 04:11:13'),
(173, 54, 89, 'Completed', NULL, NULL, '2026-03-16 04:11:13'),
(174, 54, 27, 'Completed', NULL, NULL, '2026-03-16 04:11:13'),
(175, 54, 104, 'Completed', NULL, NULL, '2026-03-16 04:11:13'),
(176, 55, 50, 'Completed', NULL, NULL, '2026-03-16 04:11:13'),
(177, 55, 55, 'Completed', NULL, NULL, '2026-03-16 04:11:13'),
(178, 55, 18, 'Completed', NULL, NULL, '2026-03-16 04:11:13'),
(179, 55, 25, 'Completed', NULL, NULL, '2026-03-16 04:11:13'),
(180, 55, 96, 'Completed', NULL, NULL, '2026-03-16 04:11:13'),
(181, 55, 43, 'Completed', NULL, NULL, '2026-03-16 04:11:13'),
(182, 55, 104, 'Completed', NULL, NULL, '2026-03-16 04:11:13'),
(183, 56, 101, 'Completed', NULL, NULL, '2026-03-16 04:11:13'),
(184, 56, 97, 'Completed', NULL, NULL, '2026-03-16 04:11:13'),
(185, 56, 104, 'Completed', NULL, NULL, '2026-03-16 04:11:13'),
(186, 57, 55, 'Completed', NULL, NULL, '2026-03-16 04:11:13'),
(187, 57, 23, 'Completed', NULL, NULL, '2026-03-16 04:11:13'),
(188, 57, 100, 'Completed', NULL, NULL, '2026-03-16 04:11:13'),
(189, 57, 84, 'Completed', NULL, NULL, '2026-03-16 04:11:13'),
(190, 57, 37, 'Completed', NULL, NULL, '2026-03-16 04:11:13'),
(191, 57, 27, 'Completed', NULL, NULL, '2026-03-16 04:11:13'),
(192, 57, 104, 'Completed', NULL, NULL, '2026-03-16 04:11:13'),
(193, 58, 55, 'Completed', NULL, NULL, '2026-03-16 04:11:13'),
(194, 58, 23, 'Completed', NULL, NULL, '2026-03-16 04:11:13'),
(195, 58, 100, 'Completed', NULL, NULL, '2026-03-16 04:11:13'),
(196, 58, 30, 'Completed', NULL, NULL, '2026-03-16 04:11:13'),
(197, 58, 42, 'Completed', NULL, NULL, '2026-03-16 04:11:13'),
(198, 58, 104, 'Completed', NULL, NULL, '2026-03-16 04:11:13'),
(199, 59, 100, 'Completed', NULL, NULL, '2026-03-16 04:11:13'),
(200, 59, 80, 'Completed', NULL, NULL, '2026-03-16 04:11:13'),
(201, 59, 27, 'Completed', NULL, NULL, '2026-03-16 04:11:13'),
(202, 59, 104, 'Completed', NULL, NULL, '2026-03-16 04:11:13'),
(203, 60, 50, 'Completed', NULL, NULL, '2026-03-16 04:11:13'),
(204, 60, 55, 'Completed', NULL, NULL, '2026-03-16 04:11:13'),
(205, 60, 101, 'Completed', NULL, NULL, '2026-03-16 04:11:13'),
(206, 60, 40, 'Completed', NULL, NULL, '2026-03-16 04:11:13'),
(207, 60, 47, 'Completed', NULL, NULL, '2026-03-16 04:11:13'),
(208, 60, 104, 'Completed', NULL, NULL, '2026-03-16 04:11:13'),
(209, 61, 55, 'Completed', NULL, NULL, '2026-03-16 04:11:13'),
(210, 61, 69, 'Completed', NULL, NULL, '2026-03-16 04:11:13'),
(211, 61, 79, 'Completed', NULL, NULL, '2026-03-16 04:11:13'),
(212, 61, 103, 'Completed', NULL, NULL, '2026-03-16 04:11:13'),
(213, 61, 43, 'Completed', NULL, NULL, '2026-03-16 04:11:13'),
(214, 62, 55, 'Completed', NULL, NULL, '2026-03-16 04:11:13'),
(215, 62, 68, 'Completed', NULL, NULL, '2026-03-16 04:11:13'),
(216, 62, 100, 'Completed', NULL, NULL, '2026-03-16 04:11:13'),
(217, 63, 44, 'Completed', NULL, NULL, '2026-03-16 04:11:13'),
(218, 63, 104, 'Completed', NULL, NULL, '2026-03-16 04:11:13'),
(219, 64, 55, 'Completed', NULL, NULL, '2026-03-16 04:11:13'),
(220, 64, 78, 'Completed', NULL, NULL, '2026-03-16 04:11:13'),
(221, 64, 76, 'Completed', NULL, NULL, '2026-03-16 04:11:13'),
(222, 64, 100, 'Completed', NULL, NULL, '2026-03-16 04:11:13'),
(223, 64, 96, 'Completed', NULL, NULL, '2026-03-16 04:11:13'),
(224, 64, 39, 'Completed', NULL, NULL, '2026-03-16 04:11:13'),
(225, 65, 35, 'Completed', NULL, NULL, '2026-03-16 04:11:13'),
(226, 65, 101, 'Completed', NULL, NULL, '2026-03-16 04:11:13'),
(227, 65, 39, 'Completed', NULL, NULL, '2026-03-16 04:11:13'),
(228, 65, 89, 'Completed', NULL, NULL, '2026-03-16 04:11:13'),
(229, 66, 87, 'Completed', NULL, NULL, '2026-03-16 04:11:13'),
(230, 66, 97, 'Completed', NULL, NULL, '2026-03-16 04:11:13'),
(231, 66, 102, 'Completed', NULL, NULL, '2026-03-16 04:11:13'),
(232, 67, 55, 'Completed', NULL, NULL, '2026-03-16 04:11:13'),
(233, 67, 75, 'Completed', NULL, NULL, '2026-03-16 04:11:13'),
(234, 67, 70, 'Completed', NULL, NULL, '2026-03-16 04:11:13'),
(235, 67, 78, 'Completed', NULL, NULL, '2026-03-16 04:11:13'),
(236, 67, 76, 'Completed', NULL, NULL, '2026-03-16 04:11:13'),
(237, 67, 89, 'Completed', NULL, NULL, '2026-03-16 04:11:13'),
(238, 67, 104, 'Completed', NULL, NULL, '2026-03-16 04:11:13'),
(239, 68, 50, 'Completed', NULL, NULL, '2026-03-16 04:11:13'),
(240, 68, 82, 'Completed', NULL, NULL, '2026-03-16 04:11:13'),
(241, 68, 84, 'Completed', NULL, NULL, '2026-03-16 04:11:13'),
(242, 68, 95, 'Completed', NULL, NULL, '2026-03-16 04:11:13'),
(243, 68, 103, 'Completed', NULL, NULL, '2026-03-16 04:11:13'),
(244, 68, 89, 'Completed', NULL, NULL, '2026-03-16 04:11:13'),
(245, 69, 55, 'Completed', NULL, NULL, '2026-03-16 04:11:13'),
(246, 69, 82, 'Completed', NULL, NULL, '2026-03-16 04:11:13'),
(247, 69, 78, 'Completed', NULL, NULL, '2026-03-16 04:11:13'),
(248, 69, 76, 'Completed', NULL, NULL, '2026-03-16 04:11:13'),
(249, 69, 89, 'Completed', NULL, NULL, '2026-03-16 04:11:13'),
(250, 69, 104, 'Completed', NULL, NULL, '2026-03-16 04:11:13'),
(251, 70, 82, 'Completed', NULL, NULL, '2026-03-16 04:11:13'),
(252, 70, 81, 'Completed', NULL, NULL, '2026-03-16 04:11:13'),
(253, 70, 85, 'Completed', NULL, NULL, '2026-03-16 04:11:13'),
(254, 70, 80, 'Completed', NULL, NULL, '2026-03-16 04:11:13'),
(255, 70, 89, 'Completed', NULL, NULL, '2026-03-16 04:11:13'),
(256, 70, 104, 'Completed', NULL, NULL, '2026-03-16 04:11:13'),
(257, 71, 55, 'Completed', NULL, NULL, '2026-03-16 04:11:13'),
(258, 71, 78, 'Completed', NULL, NULL, '2026-03-16 04:11:13'),
(259, 71, 76, 'Completed', NULL, NULL, '2026-03-16 04:11:13'),
(260, 71, 81, 'Completed', NULL, NULL, '2026-03-16 04:11:13'),
(261, 71, 80, 'Completed', NULL, NULL, '2026-03-16 04:11:13'),
(262, 71, 87, 'Completed', NULL, NULL, '2026-03-16 04:11:13'),
(263, 71, 90, 'Completed', NULL, NULL, '2026-03-16 04:11:13'),
(264, 71, 103, 'Completed', NULL, NULL, '2026-03-16 04:11:13'),
(265, 71, 104, 'Completed', NULL, NULL, '2026-03-16 04:11:13'),
(266, 72, 55, 'Completed', NULL, NULL, '2026-03-16 04:11:13'),
(267, 72, 78, 'Completed', NULL, NULL, '2026-03-16 04:11:13'),
(268, 72, 76, 'Completed', NULL, NULL, '2026-03-16 04:11:13'),
(269, 72, 85, 'Completed', NULL, NULL, '2026-03-16 04:11:13'),
(270, 72, 89, 'Completed', NULL, NULL, '2026-03-16 04:11:13'),
(271, 72, 46, 'Completed', NULL, NULL, '2026-03-16 04:11:13'),
(272, 73, 80, 'Completed', NULL, NULL, '2026-03-16 04:11:13'),
(273, 73, 97, 'Completed', NULL, NULL, '2026-03-16 04:11:13'),
(274, 74, 81, 'Completed', NULL, NULL, '2026-03-16 04:11:13'),
(275, 74, 96, 'Completed', NULL, NULL, '2026-03-16 04:11:13'),
(276, 75, 85, 'Completed', NULL, NULL, '2026-03-16 04:11:13'),
(277, 75, 89, 'Completed', NULL, NULL, '2026-03-16 04:11:13'),
(278, 76, 50, 'Completed', NULL, NULL, '2026-03-16 04:11:13'),
(279, 76, 55, 'Completed', NULL, NULL, '2026-03-16 04:11:13'),
(280, 76, 84, 'Completed', NULL, NULL, '2026-03-16 04:11:13'),
(281, 76, 87, 'Completed', NULL, NULL, '2026-03-16 04:11:13'),
(282, 76, 97, 'Completed', NULL, NULL, '2026-03-16 04:11:13'),
(283, 76, 103, 'Completed', NULL, NULL, '2026-03-16 04:11:13'),
(284, 76, 104, 'Completed', NULL, NULL, '2026-03-16 04:11:13'),
(285, 77, 55, 'Completed', NULL, NULL, '2026-03-16 04:11:13'),
(286, 77, 82, 'Completed', NULL, NULL, '2026-03-16 04:11:13'),
(287, 77, 80, 'Completed', NULL, NULL, '2026-03-16 04:11:13'),
(288, 77, 97, 'Completed', NULL, NULL, '2026-03-16 04:11:13'),
(289, 77, 104, 'Completed', NULL, NULL, '2026-03-16 04:11:13'),
(290, 78, 55, 'Completed', NULL, NULL, '2026-03-16 04:11:13'),
(291, 78, 84, 'Completed', NULL, NULL, '2026-03-16 04:11:13'),
(292, 78, 90, 'Completed', NULL, NULL, '2026-03-16 04:11:13'),
(293, 78, 104, 'Completed', NULL, NULL, '2026-03-16 04:11:13'),
(294, 79, 55, 'Completed', NULL, NULL, '2026-03-16 04:11:13'),
(295, 79, 68, 'Completed', NULL, NULL, '2026-03-16 04:11:13'),
(296, 79, 79, 'Completed', NULL, NULL, '2026-03-16 04:11:13'),
(297, 79, 87, 'Completed', NULL, NULL, '2026-03-16 04:11:13'),
(298, 79, 89, 'Completed', NULL, NULL, '2026-03-16 04:11:13'),
(299, 79, 104, 'Completed', NULL, NULL, '2026-03-16 04:11:13'),
(300, 80, 55, 'Completed', NULL, NULL, '2026-03-16 04:11:13'),
(301, 80, 75, 'Completed', NULL, NULL, '2026-03-16 04:11:13'),
(302, 80, 96, 'Completed', NULL, NULL, '2026-03-16 04:11:13'),
(303, 80, 104, 'Completed', NULL, NULL, '2026-03-16 04:11:13'),
(304, 81, 82, 'Completed', NULL, NULL, '2026-03-16 04:11:13'),
(305, 81, 90, 'Completed', NULL, NULL, '2026-03-16 04:11:13'),
(306, 81, 102, 'Completed', NULL, NULL, '2026-03-16 04:11:13'),
(307, 81, 104, 'Completed', NULL, NULL, '2026-03-16 04:11:13'),
(308, 81, 46, 'Completed', NULL, NULL, '2026-03-16 04:11:13'),
(309, 82, 55, 'Completed', NULL, NULL, '2026-03-16 04:11:13'),
(310, 82, 89, 'Completed', NULL, NULL, '2026-03-16 04:11:13'),
(311, 83, 55, 'Completed', NULL, NULL, '2026-03-16 04:11:13'),
(312, 83, 85, 'Completed', NULL, NULL, '2026-03-16 04:11:13'),
(313, 83, 84, 'Completed', NULL, NULL, '2026-03-16 04:11:13'),
(314, 83, 96, 'Completed', NULL, NULL, '2026-03-16 04:11:13'),
(315, 83, 104, 'Completed', NULL, NULL, '2026-03-16 04:11:13'),
(316, 83, 46, 'Completed', NULL, NULL, '2026-03-16 04:11:13'),
(317, 84, 50, 'Completed', NULL, NULL, '2026-03-16 04:11:13'),
(318, 84, 55, 'Completed', NULL, NULL, '2026-03-16 04:11:13'),
(319, 84, 68, 'Completed', NULL, NULL, '2026-03-16 04:11:13'),
(320, 84, 97, 'Completed', NULL, NULL, '2026-03-16 04:11:13'),
(321, 84, 104, 'Completed', NULL, NULL, '2026-03-16 04:11:13'),
(322, 85, 55, 'Completed', NULL, NULL, '2026-03-16 04:11:13'),
(323, 85, 99, 'Completed', NULL, NULL, '2026-03-16 04:11:13'),
(324, 85, 104, 'Completed', NULL, NULL, '2026-03-16 04:11:13'),
(325, 86, 97, 'Completed', NULL, NULL, '2026-03-16 04:11:13'),
(326, 86, 104, 'Completed', NULL, NULL, '2026-03-16 04:11:13'),
(327, 87, 97, 'Completed', NULL, NULL, '2026-03-16 04:11:13'),
(328, 87, 104, 'Completed', NULL, NULL, '2026-03-16 04:11:13'),
(329, 88, 55, 'Completed', NULL, NULL, '2026-03-16 04:11:13'),
(330, 88, 85, 'Completed', NULL, NULL, '2026-03-16 04:11:13'),
(331, 88, 102, 'Completed', NULL, NULL, '2026-03-16 04:11:13'),
(332, 88, 104, 'Completed', NULL, NULL, '2026-03-16 04:11:13'),
(333, 89, 55, 'Completed', NULL, NULL, '2026-03-16 04:11:13'),
(334, 89, 95, 'Completed', NULL, NULL, '2026-03-16 04:11:13'),
(335, 89, 97, 'Completed', NULL, NULL, '2026-03-16 04:11:13'),
(336, 89, 99, 'Completed', NULL, NULL, '2026-03-16 04:11:13'),
(337, 89, 104, 'Completed', NULL, NULL, '2026-03-16 04:11:13'),
(338, 90, 104, 'Completed', NULL, NULL, '2026-03-16 04:11:13'),
(339, 90, 47, 'Completed', NULL, NULL, '2026-03-16 04:11:13'),
(340, 91, 73, 'Completed', NULL, NULL, '2026-03-16 04:11:13'),
(341, 91, 75, 'Completed', NULL, NULL, '2026-03-16 04:11:13'),
(342, 91, 90, 'Completed', NULL, NULL, '2026-03-16 04:11:13'),
(343, 91, 104, 'Completed', NULL, NULL, '2026-03-16 04:11:13'),
(344, 92, 88, 'Completed', NULL, NULL, '2026-03-16 04:11:13'),
(345, 92, 104, 'Completed', NULL, NULL, '2026-03-16 04:11:13'),
(346, 93, 75, 'Completed', NULL, NULL, '2026-03-16 04:11:13'),
(347, 93, 28, 'Completed', NULL, NULL, '2026-03-16 04:11:13'),
(348, 93, 80, 'Completed', NULL, NULL, '2026-03-16 04:11:13'),
(349, 93, 90, 'Completed', NULL, NULL, '2026-03-16 04:11:13'),
(350, 93, 40, 'Completed', NULL, NULL, '2026-03-16 04:11:13'),
(351, 94, 55, 'Completed', NULL, NULL, '2026-03-16 04:11:13'),
(352, 94, 66, 'Completed', NULL, NULL, '2026-03-16 04:11:13'),
(353, 94, 69, 'Completed', NULL, NULL, '2026-03-16 04:11:13'),
(354, 94, 24, 'Completed', NULL, NULL, '2026-03-16 04:11:13'),
(355, 94, 85, 'Completed', NULL, NULL, '2026-03-16 04:11:13'),
(356, 94, 101, 'Completed', NULL, NULL, '2026-03-16 04:11:13'),
(357, 94, 28, 'Completed', NULL, NULL, '2026-03-16 04:11:13'),
(358, 94, 89, 'Completed', NULL, NULL, '2026-03-16 04:11:13'),
(359, 95, 78, 'Completed', NULL, NULL, '2026-03-16 04:11:13'),
(360, 95, 76, 'Completed', NULL, NULL, '2026-03-16 04:11:13'),
(361, 95, 85, 'Completed', NULL, NULL, '2026-03-16 04:11:13'),
(362, 96, 78, 'Completed', NULL, NULL, '2026-03-16 04:11:13'),
(363, 96, 76, 'Completed', NULL, NULL, '2026-03-16 04:11:13'),
(364, 96, 85, 'Completed', NULL, NULL, '2026-03-16 04:11:13'),
(365, 96, 96, 'Completed', NULL, NULL, '2026-03-16 04:11:13'),
(366, 96, 39, 'Completed', NULL, NULL, '2026-03-16 04:11:13'),
(367, 96, 103, 'Completed', NULL, NULL, '2026-03-16 04:11:13'),
(368, 97, 50, 'Completed', NULL, NULL, '2026-03-16 04:11:13'),
(369, 97, 86, 'Completed', NULL, NULL, '2026-03-16 04:11:13'),
(370, 97, 80, 'Completed', NULL, NULL, '2026-03-16 04:11:13'),
(371, 97, 102, 'Completed', NULL, NULL, '2026-03-16 04:11:13'),
(372, 98, 86, 'Completed', NULL, NULL, '2026-03-16 04:11:13'),
(373, 98, 84, 'Completed', NULL, NULL, '2026-03-16 04:11:13'),
(374, 98, 89, 'Completed', NULL, NULL, '2026-03-16 04:11:13'),
(375, 99, 66, 'Completed', NULL, NULL, '2026-03-16 04:11:13'),
(376, 99, 12, 'Completed', NULL, NULL, '2026-03-16 04:11:13'),
(377, 99, 18, 'Completed', NULL, NULL, '2026-03-16 04:11:13'),
(378, 99, 77, 'Completed', NULL, NULL, '2026-03-16 04:11:13'),
(379, 99, 97, 'Completed', NULL, NULL, '2026-03-16 04:11:13'),
(380, 99, 38, 'Completed', NULL, NULL, '2026-03-16 04:11:13'),
(381, 100, 66, 'Completed', NULL, NULL, '2026-03-16 04:11:13'),
(382, 100, 77, 'Completed', NULL, NULL, '2026-03-16 04:11:13'),
(383, 100, 101, 'Completed', NULL, NULL, '2026-03-16 04:11:13'),
(384, 100, 87, 'Completed', NULL, NULL, '2026-03-16 04:11:13'),
(385, 101, 66, 'Completed', NULL, NULL, '2026-03-16 04:11:13'),
(386, 101, 77, 'Completed', NULL, NULL, '2026-03-16 04:11:13'),
(387, 101, 85, 'Completed', NULL, NULL, '2026-03-16 04:11:13'),
(388, 101, 101, 'Completed', NULL, NULL, '2026-03-16 04:11:13'),
(389, 101, 37, 'Completed', NULL, NULL, '2026-03-16 04:11:13'),
(390, 101, 97, 'Completed', NULL, NULL, '2026-03-16 04:11:13'),
(391, 102, 7, 'Completed', NULL, NULL, '2026-03-16 04:11:13'),
(392, 102, 17, 'Completed', NULL, NULL, '2026-03-16 04:11:13'),
(393, 102, 18, 'Completed', NULL, NULL, '2026-03-16 04:11:13'),
(394, 102, 100, 'Completed', NULL, NULL, '2026-03-16 04:11:13'),
(395, 102, 41, 'Completed', NULL, NULL, '2026-03-16 04:11:13'),
(396, 103, 59, 'Completed', NULL, NULL, '2026-03-16 04:11:13'),
(397, 103, 69, 'Completed', NULL, NULL, '2026-03-16 04:11:13'),
(398, 103, 101, 'Completed', NULL, NULL, '2026-03-16 04:11:13'),
(399, 104, 58, 'Completed', NULL, NULL, '2026-03-16 04:11:13'),
(400, 104, 60, 'Completed', NULL, NULL, '2026-03-16 04:11:13'),
(401, 104, 59, 'Completed', NULL, NULL, '2026-03-16 04:11:13'),
(402, 104, 62, 'Completed', NULL, NULL, '2026-03-16 04:11:13'),
(403, 104, 69, 'Completed', NULL, NULL, '2026-03-16 04:11:13'),
(404, 104, 101, 'Completed', NULL, NULL, '2026-03-16 04:11:13'),
(405, 104, 87, 'Completed', NULL, NULL, '2026-03-16 04:11:13'),
(406, 104, 45, 'Completed', NULL, NULL, '2026-03-16 04:11:13'),
(407, 105, 60, 'Completed', NULL, NULL, '2026-03-16 04:11:13'),
(408, 105, 59, 'Completed', NULL, NULL, '2026-03-16 04:11:13'),
(409, 105, 101, 'Completed', NULL, NULL, '2026-03-16 04:11:13'),
(410, 105, 41, 'Completed', NULL, NULL, '2026-03-16 04:11:13'),
(411, 106, 60, 'Completed', NULL, NULL, '2026-03-16 04:11:13'),
(412, 106, 59, 'Completed', NULL, NULL, '2026-03-16 04:11:13'),
(413, 106, 85, 'Completed', NULL, NULL, '2026-03-16 04:11:13'),
(414, 106, 101, 'Completed', NULL, NULL, '2026-03-16 04:11:13'),
(415, 107, 6, 'Completed', NULL, NULL, '2026-03-16 04:11:13'),
(416, 107, 67, 'Completed', NULL, NULL, '2026-03-16 04:11:13'),
(417, 107, 69, 'Completed', NULL, NULL, '2026-03-16 04:11:13'),
(418, 108, 4, 'Completed', NULL, NULL, '2026-03-16 04:11:13'),
(419, 108, 59, 'Completed', NULL, NULL, '2026-03-16 04:11:13'),
(420, 108, 69, 'Completed', NULL, NULL, '2026-03-16 04:11:13'),
(421, 108, 77, 'Completed', NULL, NULL, '2026-03-16 04:11:13'),
(422, 108, 85, 'Completed', NULL, NULL, '2026-03-16 04:11:13'),
(423, 108, 101, 'Completed', NULL, NULL, '2026-03-16 04:11:13'),
(424, 108, 96, 'Completed', NULL, NULL, '2026-03-16 04:11:13'),
(425, 109, 65, 'Completed', NULL, NULL, '2026-03-16 04:11:13'),
(426, 109, 59, 'Completed', NULL, NULL, '2026-03-16 04:11:13'),
(427, 109, 9, 'Completed', NULL, NULL, '2026-03-16 04:11:13'),
(428, 109, 69, 'Completed', NULL, NULL, '2026-03-16 04:11:13'),
(429, 109, 86, 'Completed', NULL, NULL, '2026-03-16 04:11:13'),
(430, 109, 100, 'Completed', NULL, NULL, '2026-03-16 04:11:13'),
(431, 110, 59, 'Completed', NULL, NULL, '2026-03-16 04:11:13'),
(432, 110, 10, 'Completed', NULL, NULL, '2026-03-16 04:11:13'),
(433, 110, 69, 'Completed', NULL, NULL, '2026-03-16 04:11:13'),
(434, 110, 78, 'Completed', NULL, NULL, '2026-03-16 04:11:13'),
(435, 110, 76, 'Completed', NULL, NULL, '2026-03-16 04:11:13'),
(436, 110, 85, 'Completed', NULL, NULL, '2026-03-16 04:11:13'),
(437, 110, 89, 'Completed', NULL, NULL, '2026-03-16 04:11:13'),
(438, 111, 59, 'Completed', NULL, NULL, '2026-03-16 04:11:13'),
(439, 111, 81, 'Completed', NULL, NULL, '2026-03-16 04:11:13'),
(440, 111, 95, 'Completed', NULL, NULL, '2026-03-16 04:11:13'),
(441, 112, 59, 'Completed', NULL, NULL, '2026-03-16 04:11:13'),
(442, 112, 81, 'Completed', NULL, NULL, '2026-03-16 04:11:13'),
(443, 112, 87, 'Completed', NULL, NULL, '2026-03-16 04:11:13'),
(444, 113, 67, 'Completed', NULL, NULL, '2026-03-16 04:11:13'),
(445, 114, 67, 'Completed', NULL, NULL, '2026-03-16 04:11:13'),
(446, 114, 99, 'Completed', NULL, NULL, '2026-03-16 04:11:13'),
(447, 114, 102, 'Completed', NULL, NULL, '2026-03-16 04:11:13'),
(448, 115, 59, 'Completed', NULL, NULL, '2026-03-16 04:11:13'),
(449, 116, 59, 'Completed', NULL, NULL, '2026-03-16 04:11:13'),
(450, 116, 89, 'Completed', NULL, NULL, '2026-03-16 04:11:13'),
(451, 117, 59, 'Completed', NULL, NULL, '2026-03-16 04:11:13'),
(452, 118, 59, 'Completed', NULL, NULL, '2026-03-16 04:11:13'),
(453, 118, 85, 'Completed', NULL, NULL, '2026-03-16 04:11:13'),
(454, 119, 67, 'Completed', NULL, NULL, '2026-03-16 04:11:13'),
(455, 119, 9, 'Completed', NULL, NULL, '2026-03-16 04:11:13'),
(456, 119, 97, 'Completed', NULL, NULL, '2026-03-16 04:11:13'),
(457, 119, 102, 'Completed', NULL, NULL, '2026-03-16 04:11:13'),
(458, 120, 67, 'Completed', NULL, NULL, '2026-03-16 04:11:13'),
(459, 120, 10, 'Completed', NULL, NULL, '2026-03-16 04:11:13'),
(460, 120, 86, 'Completed', NULL, NULL, '2026-03-16 04:11:13'),
(461, 120, 90, 'Completed', NULL, NULL, '2026-03-16 04:11:13'),
(462, 121, 59, 'Completed', NULL, NULL, '2026-03-16 04:11:13'),
(463, 121, 10, 'Completed', NULL, NULL, '2026-03-16 04:11:13'),
(464, 121, 79, 'Completed', NULL, NULL, '2026-03-16 04:11:13'),
(465, 122, 67, 'Completed', NULL, NULL, '2026-03-16 04:11:13'),
(466, 122, 97, 'Completed', NULL, NULL, '2026-03-16 04:11:13'),
(467, 123, 67, 'Completed', NULL, NULL, '2026-03-16 04:11:13'),
(468, 123, 89, 'Completed', NULL, NULL, '2026-03-16 04:11:13'),
(469, 124, 89, 'Completed', NULL, NULL, '2026-03-16 04:11:13'),
(470, 125, 75, 'Completed', NULL, NULL, '2026-03-16 04:11:13'),
(471, 125, 79, 'Completed', NULL, NULL, '2026-03-16 04:11:13'),
(472, 125, 89, 'Completed', NULL, NULL, '2026-03-16 04:11:13'),
(473, 126, 68, 'Completed', NULL, NULL, '2026-03-16 04:11:13'),
(474, 126, 87, 'Completed', NULL, NULL, '2026-03-16 04:11:13'),
(475, 126, 96, 'Completed', NULL, NULL, '2026-03-16 04:11:13'),
(476, 127, 75, 'Completed', NULL, NULL, '2026-03-16 04:11:13'),
(477, 127, 80, 'Completed', NULL, NULL, '2026-03-16 04:11:13'),
(478, 127, 96, 'Completed', NULL, NULL, '2026-03-16 04:11:13'),
(479, 128, 75, 'Completed', NULL, NULL, '2026-03-16 04:11:13'),
(480, 128, 96, 'Completed', NULL, NULL, '2026-03-16 04:11:13'),
(481, 129, 68, 'Completed', NULL, NULL, '2026-03-16 04:11:13'),
(482, 129, 97, 'Completed', NULL, NULL, '2026-03-16 04:11:13'),
(483, 129, 99, 'Completed', NULL, NULL, '2026-03-16 04:11:13'),
(484, 130, 68, 'Completed', NULL, NULL, '2026-03-16 04:11:13'),
(485, 130, 86, 'Completed', NULL, NULL, '2026-03-16 04:11:13'),
(486, 130, 97, 'Completed', NULL, NULL, '2026-03-16 04:11:13'),
(487, 131, 68, 'Completed', NULL, NULL, '2026-03-16 04:11:13'),
(488, 131, 86, 'Completed', NULL, NULL, '2026-03-16 04:11:13'),
(489, 131, 80, 'Completed', NULL, NULL, '2026-03-16 04:11:13'),
(490, 132, 84, 'Completed', NULL, NULL, '2026-03-16 04:11:13'),
(491, 132, 103, 'Completed', NULL, NULL, '2026-03-16 04:11:13'),
(492, 133, 75, 'Completed', NULL, NULL, '2026-03-16 04:11:13'),
(493, 133, 84, 'Completed', NULL, NULL, '2026-03-16 04:11:13'),
(494, 133, 89, 'Completed', NULL, NULL, '2026-03-16 04:11:13'),
(495, 134, 50, 'Completed', NULL, NULL, '2026-03-16 04:11:13'),
(496, 134, 75, 'Completed', NULL, NULL, '2026-03-16 04:11:13'),
(497, 134, 97, 'Completed', NULL, NULL, '2026-03-16 04:11:13'),
(498, 135, 18, 'Completed', NULL, NULL, '2026-03-16 04:11:13'),
(499, 135, 100, 'Completed', NULL, NULL, '2026-03-16 04:11:13'),
(500, 136, 53, 'Completed', NULL, NULL, '2026-03-16 04:11:13'),
(501, 136, 54, 'Completed', NULL, NULL, '2026-03-16 04:11:13'),
(502, 136, 100, 'Completed', NULL, NULL, '2026-03-16 04:11:13'),
(503, 136, 89, 'Completed', NULL, NULL, '2026-03-16 04:11:13'),
(504, 137, 100, 'Completed', NULL, NULL, '2026-03-16 04:11:13'),
(505, 137, 89, 'Completed', NULL, NULL, '2026-03-16 04:11:13'),
(506, 138, 101, 'Completed', NULL, NULL, '2026-03-16 04:11:13'),
(507, 138, 87, 'Completed', NULL, NULL, '2026-03-16 04:11:13'),
(508, 138, 102, 'Completed', NULL, NULL, '2026-03-16 04:11:13'),
(509, 139, 74, 'Completed', NULL, NULL, '2026-03-16 04:11:13'),
(510, 139, 100, 'Completed', NULL, NULL, '2026-03-16 04:11:13'),
(511, 139, 89, 'Completed', NULL, NULL, '2026-03-16 04:11:13'),
(512, 140, 100, 'Completed', NULL, NULL, '2026-03-16 04:11:13'),
(513, 140, 93, 'Completed', NULL, NULL, '2026-03-16 04:11:13'),
(514, 140, 37, 'Completed', NULL, NULL, '2026-03-16 04:11:13'),
(515, 141, 50, 'Completed', NULL, NULL, '2026-03-16 04:11:13'),
(516, 141, 77, 'Completed', NULL, NULL, '2026-03-16 04:11:13'),
(517, 141, 100, 'Completed', NULL, NULL, '2026-03-16 04:11:13'),
(518, 142, 60, 'Completed', NULL, NULL, '2026-03-16 04:11:13'),
(519, 142, 6, 'Completed', NULL, NULL, '2026-03-16 04:11:13'),
(520, 142, 63, 'Completed', NULL, NULL, '2026-03-16 04:11:13'),
(521, 142, 74, 'Completed', NULL, NULL, '2026-03-16 04:11:13'),
(522, 142, 89, 'Completed', NULL, NULL, '2026-03-16 04:11:13'),
(523, 143, 71, 'Completed', NULL, NULL, '2026-03-16 04:11:13'),
(524, 143, 74, 'Completed', NULL, NULL, '2026-03-16 04:11:13'),
(525, 143, 77, 'Completed', NULL, NULL, '2026-03-16 04:11:13'),
(526, 143, 100, 'Completed', NULL, NULL, '2026-03-16 04:11:13'),
(527, 143, 93, 'Completed', NULL, NULL, '2026-03-16 04:11:13'),
(528, 143, 96, 'Completed', NULL, NULL, '2026-03-16 04:11:13'),
(529, 144, 60, 'Completed', NULL, NULL, '2026-03-16 04:11:13'),
(530, 144, 1, 'Completed', NULL, NULL, '2026-03-16 04:11:13'),
(531, 144, 71, 'Completed', NULL, NULL, '2026-03-16 04:11:13'),
(532, 144, 100, 'Completed', NULL, NULL, '2026-03-16 04:11:13'),
(533, 145, 74, 'Completed', NULL, NULL, '2026-03-16 04:11:13'),
(534, 145, 85, 'Completed', NULL, NULL, '2026-03-16 04:11:13'),
(535, 145, 93, 'Completed', NULL, NULL, '2026-03-16 04:11:13'),
(536, 146, 71, 'Completed', NULL, NULL, '2026-03-16 04:11:13'),
(537, 146, 77, 'Completed', NULL, NULL, '2026-03-16 04:11:13'),
(538, 146, 93, 'Completed', NULL, NULL, '2026-03-16 04:11:13'),
(539, 146, 95, 'Completed', NULL, NULL, '2026-03-16 04:11:13'),
(540, 147, 60, 'Completed', NULL, NULL, '2026-03-16 04:11:13'),
(541, 147, 1, 'Completed', NULL, NULL, '2026-03-16 04:11:13'),
(542, 147, 74, 'Completed', NULL, NULL, '2026-03-16 04:11:13'),
(543, 147, 78, 'Completed', NULL, NULL, '2026-03-16 04:11:13'),
(544, 147, 76, 'Completed', NULL, NULL, '2026-03-16 04:11:13'),
(545, 147, 89, 'Completed', NULL, NULL, '2026-03-16 04:11:13'),
(546, 148, 71, 'Completed', NULL, NULL, '2026-03-16 04:11:13'),
(547, 148, 102, 'Completed', NULL, NULL, '2026-03-16 04:11:13'),
(548, 149, 89, 'Completed', NULL, NULL, '2026-03-16 04:11:13'),
(549, 150, 74, 'Completed', NULL, NULL, '2026-03-16 04:11:13'),
(550, 150, 93, 'Completed', NULL, NULL, '2026-03-16 04:11:13'),
(551, 150, 99, 'Completed', NULL, NULL, '2026-03-16 04:11:13'),
(552, 150, 102, 'Completed', NULL, NULL, '2026-03-16 04:11:13'),
(553, 151, 78, 'Completed', NULL, NULL, '2026-03-16 04:11:13'),
(554, 151, 76, 'Completed', NULL, NULL, '2026-03-16 04:11:13'),
(555, 151, 86, 'Completed', NULL, NULL, '2026-03-16 04:11:13'),
(556, 152, 2, 'Completed', NULL, NULL, '2026-03-16 04:11:13'),
(557, 152, 74, 'Completed', NULL, NULL, '2026-03-16 04:11:13'),
(558, 152, 85, 'Completed', NULL, NULL, '2026-03-16 04:11:13'),
(559, 152, 93, 'Completed', NULL, NULL, '2026-03-16 04:11:13'),
(560, 153, 1, 'Completed', NULL, NULL, '2026-03-16 04:11:13'),
(561, 153, 85, 'Completed', NULL, NULL, '2026-03-16 04:11:13'),
(562, 153, 93, 'Completed', NULL, NULL, '2026-03-16 04:11:13'),
(563, 154, 2, 'Completed', NULL, NULL, '2026-03-16 04:11:13'),
(564, 154, 74, 'Completed', NULL, NULL, '2026-03-16 04:11:13'),
(565, 154, 95, 'Completed', NULL, NULL, '2026-03-16 04:11:13'),
(566, 154, 89, 'Completed', NULL, NULL, '2026-03-16 04:11:13'),
(567, 155, 50, 'Completed', NULL, NULL, '2026-03-16 04:11:13'),
(568, 155, 71, 'Completed', NULL, NULL, '2026-03-16 04:11:13'),
(569, 156, 70, 'Completed', NULL, NULL, '2026-03-16 04:11:13'),
(570, 156, 59, 'Completed', NULL, NULL, '2026-03-16 04:11:13'),
(571, 156, 66, 'Completed', NULL, NULL, '2026-03-16 04:11:13'),
(572, 156, 71, 'Completed', NULL, NULL, '2026-03-16 04:11:13'),
(573, 156, 68, 'Completed', NULL, NULL, '2026-03-16 04:11:13'),
(574, 156, 74, 'Completed', NULL, NULL, '2026-03-16 04:11:13'),
(575, 156, 89, 'Completed', NULL, NULL, '2026-03-16 04:11:13'),
(576, 157, 77, 'Completed', NULL, NULL, '2026-03-16 04:11:13'),
(577, 157, 25, 'Completed', NULL, NULL, '2026-03-16 04:11:13'),
(578, 157, 89, 'Completed', NULL, NULL, '2026-03-16 04:11:13'),
(579, 158, 63, 'Completed', NULL, NULL, '2026-03-16 04:11:13'),
(580, 159, 63, 'Completed', NULL, NULL, '2026-03-16 04:11:13'),
(581, 160, 77, 'Completed', NULL, NULL, '2026-03-16 04:11:13'),
(582, 160, 81, 'Completed', NULL, NULL, '2026-03-16 04:11:13'),
(583, 160, 101, 'Completed', NULL, NULL, '2026-03-16 04:11:13'),
(584, 160, 39, 'Completed', NULL, NULL, '2026-03-16 04:11:13'),
(585, 161, 63, 'Completed', NULL, NULL, '2026-03-16 04:11:13'),
(586, 161, 37, 'Completed', NULL, NULL, '2026-03-16 04:11:13'),
(587, 162, 63, 'Completed', NULL, NULL, '2026-03-16 04:11:13'),
(588, 162, 77, 'Completed', NULL, NULL, '2026-03-16 04:11:13'),
(589, 162, 31, 'Completed', NULL, NULL, '2026-03-16 04:11:13'),
(590, 162, 36, 'Completed', NULL, NULL, '2026-03-16 04:11:13'),
(591, 163, 101, 'Completed', NULL, NULL, '2026-03-16 04:11:13'),
(592, 164, 39, 'Completed', NULL, NULL, '2026-03-16 04:11:13'),
(593, 166, 68, 'Completed', NULL, NULL, '2026-03-16 04:11:13'),
(594, 167, 36, 'Completed', NULL, NULL, '2026-03-16 04:11:13'),
(595, 168, 86, 'Completed', NULL, NULL, '2026-03-16 04:11:13'),
(596, 168, 99, 'Completed', NULL, NULL, '2026-03-16 04:11:13'),
(597, 169, 95, 'Completed', NULL, NULL, '2026-03-16 04:11:13'),
(598, 170, 86, 'Completed', NULL, NULL, '2026-03-16 04:11:13'),
(599, 171, 95, 'Completed', NULL, NULL, '2026-03-16 04:11:13'),
(600, 172, 75, 'Completed', NULL, NULL, '2026-03-16 04:11:13'),
(601, 172, 85, 'Completed', NULL, NULL, '2026-03-16 04:11:13'),
(602, 173, 50, 'Completed', NULL, NULL, '2026-03-16 04:11:13'),
(603, 173, 68, 'Completed', NULL, NULL, '2026-03-16 04:11:13'),
(604, 175, 77, 'Completed', NULL, NULL, '2026-03-16 04:11:13'),
(605, 175, 81, 'Completed', NULL, NULL, '2026-03-16 04:11:13'),
(606, 175, 86, 'Completed', NULL, NULL, '2026-03-16 04:11:13'),
(607, 176, 60, 'Completed', NULL, NULL, '2026-03-16 04:11:13'),
(608, 176, 6, 'Completed', NULL, NULL, '2026-03-16 04:11:13'),
(609, 177, 78, 'Completed', NULL, NULL, '2026-03-16 04:11:13'),
(610, 177, 76, 'Completed', NULL, NULL, '2026-03-16 04:11:13'),
(611, 177, 77, 'Completed', NULL, NULL, '2026-03-16 04:11:13'),
(612, 177, 86, 'Completed', NULL, NULL, '2026-03-16 04:11:13'),
(613, 179, 77, 'Completed', NULL, NULL, '2026-03-16 04:11:13'),
(614, 179, 85, 'Completed', NULL, NULL, '2026-03-16 04:11:13'),
(615, 180, 85, 'Completed', NULL, NULL, '2026-03-16 04:11:13'),
(616, 180, 99, 'Completed', NULL, NULL, '2026-03-16 04:11:13'),
(617, 181, 50, 'Completed', NULL, NULL, '2026-03-16 04:11:13'),
(618, 182, 18, 'Completed', NULL, NULL, '2026-03-16 04:11:13'),
(619, 182, 89, 'Completed', NULL, NULL, '2026-03-16 04:11:13'),
(620, 183, 60, 'Completed', NULL, NULL, '2026-03-16 04:11:13'),
(621, 183, 57, 'Completed', NULL, NULL, '2026-03-16 04:11:13'),
(622, 183, 8, 'Completed', NULL, NULL, '2026-03-16 04:11:13'),
(623, 183, 100, 'Completed', NULL, NULL, '2026-03-16 04:11:13'),
(624, 183, 96, 'Completed', NULL, NULL, '2026-03-16 04:11:13'),
(625, 184, 60, 'Completed', NULL, NULL, '2026-03-16 04:11:13'),
(626, 184, 101, 'Completed', NULL, NULL, '2026-03-16 04:11:13'),
(627, 184, 25, 'Completed', NULL, NULL, '2026-03-16 04:11:13'),
(628, 185, 57, 'Completed', NULL, NULL, '2026-03-16 04:11:13'),
(629, 185, 18, 'Completed', NULL, NULL, '2026-03-16 04:11:13'),
(630, 185, 100, 'Completed', NULL, NULL, '2026-03-16 04:11:13'),
(631, 185, 97, 'Completed', NULL, NULL, '2026-03-16 04:11:13'),
(632, 185, 48, 'Completed', NULL, NULL, '2026-03-16 04:11:13'),
(633, 186, 101, 'Completed', NULL, NULL, '2026-03-16 04:11:13'),
(634, 187, 100, 'Completed', NULL, NULL, '2026-03-16 04:11:13'),
(635, 187, 37, 'Completed', NULL, NULL, '2026-03-16 04:11:13'),
(636, 188, 101, 'Completed', NULL, NULL, '2026-03-16 04:11:13'),
(637, 189, 60, 'Completed', NULL, NULL, '2026-03-16 04:11:13'),
(638, 189, 63, 'Completed', NULL, NULL, '2026-03-16 04:11:13'),
(639, 189, 91, 'Completed', NULL, NULL, '2026-03-16 04:11:13'),
(640, 190, 6, 'Completed', NULL, NULL, '2026-03-16 04:11:13'),
(641, 190, 74, 'Completed', NULL, NULL, '2026-03-16 04:11:13'),
(642, 190, 86, 'Completed', NULL, NULL, '2026-03-16 04:11:13'),
(643, 190, 101, 'Completed', NULL, NULL, '2026-03-16 04:11:13'),
(644, 190, 93, 'Completed', NULL, NULL, '2026-03-16 04:11:13'),
(645, 190, 37, 'Completed', NULL, NULL, '2026-03-16 04:11:13'),
(646, 190, 89, 'Completed', NULL, NULL, '2026-03-16 04:11:13'),
(647, 191, 63, 'Completed', NULL, NULL, '2026-03-16 04:11:13'),
(648, 191, 81, 'Completed', NULL, NULL, '2026-03-16 04:11:13'),
(649, 191, 100, 'Completed', NULL, NULL, '2026-03-16 04:11:13'),
(650, 191, 91, 'Completed', NULL, NULL, '2026-03-16 04:11:13'),
(651, 192, 72, 'Completed', NULL, NULL, '2026-03-16 04:11:13'),
(652, 192, 107, 'Completed', NULL, NULL, '2026-03-16 04:11:13'),
(653, 192, 57, 'Completed', NULL, NULL, '2026-03-16 04:11:13'),
(654, 192, 92, 'Completed', NULL, NULL, '2026-03-16 04:11:13'),
(655, 193, 57, 'Completed', NULL, NULL, '2026-03-16 04:11:13'),
(656, 193, 81, 'Completed', NULL, NULL, '2026-03-16 04:11:13'),
(657, 193, 79, 'Completed', NULL, NULL, '2026-03-16 04:11:13'),
(658, 193, 91, 'Completed', NULL, NULL, '2026-03-16 04:11:13'),
(659, 193, 95, 'Completed', NULL, NULL, '2026-03-16 04:11:13'),
(660, 194, 57, 'Completed', NULL, NULL, '2026-03-16 04:11:13'),
(661, 194, 82, 'Completed', NULL, NULL, '2026-03-16 04:11:13'),
(662, 194, 95, 'Completed', NULL, NULL, '2026-03-16 04:11:13'),
(663, 194, 89, 'Completed', NULL, NULL, '2026-03-16 04:11:13'),
(664, 195, 72, 'Completed', NULL, NULL, '2026-03-16 04:11:13'),
(665, 195, 107, 'Completed', NULL, NULL, '2026-03-16 04:11:13'),
(666, 195, 57, 'Completed', NULL, NULL, '2026-03-16 04:11:13'),
(667, 195, 79, 'Completed', NULL, NULL, '2026-03-16 04:11:13'),
(668, 195, 92, 'Completed', NULL, NULL, '2026-03-16 04:11:13'),
(669, 196, 83, 'Completed', NULL, NULL, '2026-03-16 04:11:13'),
(670, 196, 105, 'Completed', NULL, NULL, '2026-03-16 04:11:13'),
(671, 196, 108, 'Completed', NULL, NULL, '2026-03-16 04:11:13'),
(672, 196, 52, 'Completed', NULL, NULL, '2026-03-16 04:11:13'),
(673, 196, 57, 'Completed', NULL, NULL, '2026-03-16 04:11:13'),
(674, 196, 78, 'Completed', NULL, NULL, '2026-03-16 04:11:13'),
(675, 196, 76, 'Completed', NULL, NULL, '2026-03-16 04:11:13'),
(676, 197, 83, 'Completed', NULL, NULL, '2026-03-16 04:11:13'),
(677, 197, 108, 'Completed', NULL, NULL, '2026-03-16 04:11:13'),
(678, 197, 78, 'Completed', NULL, NULL, '2026-03-16 04:11:13'),
(679, 197, 76, 'Completed', NULL, NULL, '2026-03-16 04:11:13'),
(680, 198, 61, 'Completed', NULL, NULL, '2026-03-16 04:11:13'),
(681, 198, 106, 'Completed', NULL, NULL, '2026-03-16 04:11:13'),
(682, 198, 57, 'Completed', NULL, NULL, '2026-03-16 04:11:13'),
(683, 198, 103, 'Completed', NULL, NULL, '2026-03-16 04:11:13'),
(684, 199, 61, 'Completed', NULL, NULL, '2026-03-16 04:11:13'),
(685, 199, 106, 'Completed', NULL, NULL, '2026-03-16 04:11:13'),
(686, 199, 57, 'Completed', NULL, NULL, '2026-03-16 04:11:13'),
(687, 199, 87, 'Completed', NULL, NULL, '2026-03-16 04:11:13'),
(688, 200, 105, 'Completed', NULL, NULL, '2026-03-16 04:11:13'),
(689, 200, 52, 'Completed', NULL, NULL, '2026-03-16 04:11:13'),
(690, 200, 57, 'Completed', NULL, NULL, '2026-03-16 04:11:13'),
(691, 200, 101, 'Completed', NULL, NULL, '2026-03-16 04:11:13'),
(692, 200, 95, 'Completed', NULL, NULL, '2026-03-16 04:11:13'),
(693, 200, 97, 'Completed', NULL, NULL, '2026-03-16 04:11:13'),
(694, 201, 94, 'Completed', NULL, NULL, '2026-03-16 04:11:13'),
(695, 201, 105, 'Completed', NULL, NULL, '2026-03-16 04:11:13'),
(696, 201, 51, 'Completed', NULL, NULL, '2026-03-16 04:11:13'),
(697, 201, 52, 'Completed', NULL, NULL, '2026-03-16 04:11:13'),
(698, 201, 57, 'Completed', NULL, NULL, '2026-03-16 04:11:13'),
(699, 201, 89, 'Completed', NULL, NULL, '2026-03-16 04:11:13'),
(700, 202, 83, 'Completed', NULL, NULL, '2026-03-16 04:11:13'),
(701, 202, 108, 'Completed', NULL, NULL, '2026-03-16 04:11:13'),
(702, 202, 57, 'Completed', NULL, NULL, '2026-03-16 04:11:13'),
(703, 202, 97, 'Completed', NULL, NULL, '2026-03-16 04:11:13'),
(704, 202, 103, 'Completed', NULL, NULL, '2026-03-16 04:11:13'),
(705, 203, 50, 'Completed', NULL, NULL, '2026-03-16 04:11:13'),
(706, 203, 83, 'Completed', NULL, NULL, '2026-03-16 04:11:13'),
(707, 203, 108, 'Completed', NULL, NULL, '2026-03-16 04:11:13'),
(708, 203, 57, 'Completed', NULL, NULL, '2026-03-16 04:11:13'),
(709, 203, 91, 'Completed', NULL, NULL, '2026-03-16 04:11:13'),
(710, 203, 95, 'Completed', NULL, NULL, '2026-03-16 04:11:13'),
(711, 203, 89, 'Completed', NULL, NULL, '2026-03-16 04:11:13'),
(712, 204, 83, 'Completed', NULL, NULL, '2026-03-16 04:11:13'),
(713, 204, 108, 'Completed', NULL, NULL, '2026-03-16 04:11:13'),
(714, 206, 82, 'Completed', NULL, NULL, '2026-03-16 04:11:13'),
(715, 206, 97, 'Completed', NULL, NULL, '2026-03-16 04:11:13'),
(716, 207, 72, 'Completed', NULL, NULL, '2026-03-16 04:11:13'),
(717, 207, 107, 'Completed', NULL, NULL, '2026-03-16 04:11:13'),
(718, 207, 87, 'Completed', NULL, NULL, '2026-03-16 04:11:13'),
(719, 207, 91, 'Completed', NULL, NULL, '2026-03-16 04:11:13'),
(720, 208, 61, 'Completed', NULL, NULL, '2026-03-16 04:11:13'),
(721, 208, 106, 'Completed', NULL, NULL, '2026-03-16 04:11:13'),
(722, 208, 87, 'Completed', NULL, NULL, '2026-03-16 04:11:13'),
(723, 209, 94, 'Completed', NULL, NULL, '2026-03-16 04:11:13'),
(724, 209, 51, 'Completed', NULL, NULL, '2026-03-16 04:11:13'),
(725, 210, 72, 'Completed', NULL, NULL, '2026-03-16 04:11:13'),
(726, 210, 107, 'Completed', NULL, NULL, '2026-03-16 04:11:13'),
(727, 210, 81, 'Completed', NULL, NULL, '2026-03-16 04:11:13'),
(728, 210, 91, 'Completed', NULL, NULL, '2026-03-16 04:11:13'),
(729, 210, 97, 'Completed', NULL, NULL, '2026-03-16 04:11:13'),
(730, 211, 83, 'Completed', NULL, NULL, '2026-03-16 04:11:13'),
(731, 211, 95, 'Completed', NULL, NULL, '2026-03-16 04:11:13'),
(732, 212, 105, 'Completed', NULL, NULL, '2026-03-16 04:11:13'),
(733, 212, 52, 'Completed', NULL, NULL, '2026-03-16 04:11:13'),
(734, 212, 95, 'Completed', NULL, NULL, '2026-03-16 04:11:13'),
(735, 212, 97, 'Completed', NULL, NULL, '2026-03-16 04:11:13'),
(736, 213, 50, 'Completed', NULL, NULL, '2026-03-16 04:11:13'),
(737, 213, 89, 'Completed', NULL, NULL, '2026-03-16 04:11:13'),
(738, 214, 94, 'Completed', NULL, NULL, '2026-03-16 04:11:13'),
(739, 214, 105, 'Completed', NULL, NULL, '2026-03-16 04:11:13'),
(740, 214, 51, 'Completed', NULL, NULL, '2026-03-16 04:11:13'),
(741, 214, 52, 'Completed', NULL, NULL, '2026-03-16 04:11:13'),
(742, 214, 91, 'Completed', NULL, NULL, '2026-03-16 04:11:13'),
(743, 215, 105, 'Completed', NULL, NULL, '2026-03-16 04:11:13'),
(744, 215, 52, 'Completed', NULL, NULL, '2026-03-16 04:11:13'),
(745, 215, 103, 'Completed', NULL, NULL, '2026-03-16 04:11:13'),
(746, 216, 72, 'Completed', NULL, NULL, '2026-03-16 04:11:13'),
(747, 216, 107, 'Completed', NULL, NULL, '2026-03-16 04:11:13'),
(748, 216, 97, 'Completed', NULL, NULL, '2026-03-16 04:11:13'),
(749, 217, 94, 'Completed', NULL, NULL, '2026-03-16 04:11:13'),
(750, 217, 51, 'Completed', NULL, NULL, '2026-03-16 04:11:13'),
(751, 217, 81, 'Completed', NULL, NULL, '2026-03-16 04:11:13'),
(752, 217, 103, 'Completed', NULL, NULL, '2026-03-16 04:11:13'),
(753, 217, 89, 'Completed', NULL, NULL, '2026-03-16 04:11:13'),
(754, 219, 72, 'Completed', NULL, NULL, '2026-03-16 04:11:13'),
(755, 219, 107, 'Completed', NULL, NULL, '2026-03-16 04:11:13'),
(756, 219, 78, 'Completed', NULL, NULL, '2026-03-16 04:11:13'),
(757, 219, 76, 'Completed', NULL, NULL, '2026-03-16 04:11:13'),
(758, 219, 91, 'Completed', NULL, NULL, '2026-03-16 04:11:13'),
(759, 219, 95, 'Completed', NULL, NULL, '2026-03-16 04:11:13'),
(760, 220, 61, 'Completed', NULL, NULL, '2026-03-16 04:11:13'),
(761, 220, 106, 'Completed', NULL, NULL, '2026-03-16 04:11:13'),
(762, 220, 78, 'Completed', NULL, NULL, '2026-03-16 04:11:13'),
(763, 220, 76, 'Completed', NULL, NULL, '2026-03-16 04:11:13'),
(764, 220, 81, 'Completed', NULL, NULL, '2026-03-16 04:11:13'),
(765, 220, 89, 'Completed', NULL, NULL, '2026-03-16 04:11:13'),
(766, 221, 83, 'Completed', NULL, NULL, '2026-03-16 04:11:13'),
(767, 221, 108, 'Completed', NULL, NULL, '2026-03-16 04:11:13'),
(768, 221, 68, 'Completed', NULL, NULL, '2026-03-16 04:11:13'),
(769, 221, 89, 'Completed', NULL, NULL, '2026-03-16 04:11:13'),
(770, 222, 83, 'Completed', NULL, NULL, '2026-03-16 04:11:13'),
(771, 222, 108, 'Completed', NULL, NULL, '2026-03-16 04:11:13'),
(772, 223, 94, 'Completed', NULL, NULL, '2026-03-16 04:11:13'),
(773, 223, 51, 'Completed', NULL, NULL, '2026-03-16 04:11:13'),
(774, 224, 91, 'Completed', NULL, NULL, '2026-03-16 04:11:13'),
(775, 224, 95, 'Completed', NULL, NULL, '2026-03-16 04:11:13'),
(776, 225, 61, 'Completed', NULL, NULL, '2026-03-16 04:11:13'),
(777, 225, 106, 'Completed', NULL, NULL, '2026-03-16 04:11:13'),
(778, 225, 82, 'Completed', NULL, NULL, '2026-03-16 04:11:13'),
(779, 225, 92, 'Completed', NULL, NULL, '2026-03-16 04:11:13'),
(780, 225, 95, 'Completed', NULL, NULL, '2026-03-16 04:11:13'),
(781, 226, 61, 'Completed', NULL, NULL, '2026-03-16 04:11:13'),
(782, 226, 106, 'Completed', NULL, NULL, '2026-03-16 04:11:13'),
(783, 226, 78, 'Completed', NULL, NULL, '2026-03-16 04:11:13'),
(784, 226, 76, 'Completed', NULL, NULL, '2026-03-16 04:11:13'),
(785, 226, 91, 'Completed', NULL, NULL, '2026-03-16 04:11:13'),
(786, 226, 95, 'Completed', NULL, NULL, '2026-03-16 04:11:13'),
(787, 226, 103, 'Completed', NULL, NULL, '2026-03-16 04:11:13'),
(788, 227, 75, 'Completed', NULL, NULL, '2026-03-16 04:11:13'),
(789, 227, 99, 'Completed', NULL, NULL, '2026-03-16 04:11:13'),
(790, 228, 72, 'Completed', NULL, NULL, '2026-03-16 04:11:13'),
(791, 228, 107, 'Completed', NULL, NULL, '2026-03-16 04:11:13'),
(792, 228, 78, 'Completed', NULL, NULL, '2026-03-16 04:11:13'),
(793, 228, 76, 'Completed', NULL, NULL, '2026-03-16 04:11:13'),
(794, 228, 87, 'Completed', NULL, NULL, '2026-03-16 04:11:13'),
(795, 228, 91, 'Completed', NULL, NULL, '2026-03-16 04:11:13'),
(796, 229, 94, 'Completed', NULL, NULL, '2026-03-16 04:11:13'),
(797, 229, 51, 'Completed', NULL, NULL, '2026-03-16 04:11:13'),
(798, 229, 89, 'Completed', NULL, NULL, '2026-03-16 04:11:13'),
(799, 231, 83, 'Completed', NULL, NULL, '2026-03-16 04:11:13'),
(800, 231, 108, 'Completed', NULL, NULL, '2026-03-16 04:11:13'),
(801, 231, 100, 'Completed', NULL, NULL, '2026-03-16 04:11:13'),
(802, 231, 92, 'Completed', NULL, NULL, '2026-03-16 04:11:13'),
(803, 232, 61, 'Completed', NULL, NULL, '2026-03-16 04:11:13'),
(804, 232, 106, 'Completed', NULL, NULL, '2026-03-16 04:11:13'),
(805, 232, 97, 'Completed', NULL, NULL, '2026-03-16 04:11:13'),
(806, 233, 92, 'Completed', NULL, NULL, '2026-03-16 04:11:13'),
(807, 233, 95, 'Completed', NULL, NULL, '2026-03-16 04:11:13'),
(808, 233, 99, 'Completed', NULL, NULL, '2026-03-16 04:11:13'),
(809, 233, 103, 'Completed', NULL, NULL, '2026-03-16 04:11:13'),
(810, 234, 61, 'Completed', NULL, NULL, '2026-03-16 04:11:13');
INSERT INTO `training_attendances` (`id`, `staff_id`, `course_id`, `status`, `remarks`, `created_by`, `created_at`) VALUES
(811, 234, 106, 'Completed', NULL, NULL, '2026-03-16 04:11:13'),
(812, 234, 78, 'Completed', NULL, NULL, '2026-03-16 04:11:13'),
(813, 235, 94, 'Completed', NULL, NULL, '2026-03-16 04:11:13'),
(814, 235, 51, 'Completed', NULL, NULL, '2026-03-16 04:11:13'),
(815, 235, 87, 'Completed', NULL, NULL, '2026-03-16 04:11:13'),
(816, 235, 97, 'Completed', NULL, NULL, '2026-03-16 04:11:13'),
(817, 237, 61, 'Completed', NULL, NULL, '2026-03-16 04:11:13'),
(818, 237, 106, 'Completed', NULL, NULL, '2026-03-16 04:11:13'),
(819, 240, 99, 'Completed', NULL, NULL, '2026-03-16 04:11:13'),
(820, 241, 83, 'Completed', NULL, NULL, '2026-03-16 04:11:13'),
(821, 241, 108, 'Completed', NULL, NULL, '2026-03-16 04:11:13'),
(822, 241, 92, 'Completed', NULL, NULL, '2026-03-16 04:11:13'),
(823, 241, 97, 'Completed', NULL, NULL, '2026-03-16 04:11:13'),
(824, 242, 91, 'Completed', NULL, NULL, '2026-03-16 04:11:13'),
(825, 243, 94, 'Completed', NULL, NULL, '2026-03-16 04:11:13'),
(826, 243, 51, 'Completed', NULL, NULL, '2026-03-16 04:11:13'),
(827, 245, 89, 'Completed', NULL, NULL, '2026-03-16 04:11:13'),
(828, 246, 79, 'Completed', NULL, NULL, '2026-03-16 04:11:13'),
(829, 246, 99, 'Completed', NULL, NULL, '2026-03-16 04:11:13'),
(830, 247, 61, 'Completed', NULL, NULL, '2026-03-16 04:11:13'),
(831, 247, 106, 'Completed', NULL, NULL, '2026-03-16 04:11:13'),
(832, 247, 91, 'Completed', NULL, NULL, '2026-03-16 04:11:13'),
(833, 248, 94, 'Completed', NULL, NULL, '2026-03-16 04:11:13'),
(834, 248, 51, 'Completed', NULL, NULL, '2026-03-16 04:11:13'),
(835, 249, 94, 'Completed', NULL, NULL, '2026-03-16 04:11:13'),
(836, 249, 51, 'Completed', NULL, NULL, '2026-03-16 04:11:13'),
(837, 249, 87, 'Completed', NULL, NULL, '2026-03-16 04:11:13'),
(838, 249, 97, 'Completed', NULL, NULL, '2026-03-16 04:11:13'),
(839, 250, 91, 'Completed', NULL, NULL, '2026-03-16 04:11:13'),
(840, 250, 97, 'Completed', NULL, NULL, '2026-03-16 04:11:13'),
(841, 251, 86, 'Completed', NULL, NULL, '2026-03-16 04:11:13'),
(842, 251, 91, 'Completed', NULL, NULL, '2026-03-16 04:11:13'),
(843, 251, 97, 'Completed', NULL, NULL, '2026-03-16 04:11:13'),
(844, 252, 82, 'Completed', NULL, NULL, '2026-03-16 04:11:13'),
(845, 253, 94, 'Completed', NULL, NULL, '2026-03-16 04:11:13'),
(846, 253, 51, 'Completed', NULL, NULL, '2026-03-16 04:11:13'),
(847, 254, 94, 'Completed', NULL, NULL, '2026-03-16 04:11:13'),
(848, 254, 51, 'Completed', NULL, NULL, '2026-03-16 04:11:13'),
(849, 255, 61, 'Completed', NULL, NULL, '2026-03-16 04:11:13'),
(850, 255, 106, 'Completed', NULL, NULL, '2026-03-16 04:11:13'),
(851, 255, 89, 'Completed', NULL, NULL, '2026-03-16 04:11:13'),
(852, 256, 106, 'Completed', NULL, NULL, '2026-03-16 04:11:13'),
(853, 256, 92, 'Completed', NULL, NULL, '2026-03-16 04:11:13'),
(854, 257, 83, 'Completed', NULL, NULL, '2026-03-16 04:11:13'),
(855, 257, 108, 'Completed', NULL, NULL, '2026-03-16 04:11:13'),
(856, 257, 82, 'Completed', NULL, NULL, '2026-03-16 04:11:13'),
(857, 257, 92, 'Completed', NULL, NULL, '2026-03-16 04:11:13'),
(858, 258, 83, 'Completed', NULL, NULL, '2026-03-16 04:11:13'),
(859, 258, 108, 'Completed', NULL, NULL, '2026-03-16 04:11:13'),
(860, 258, 91, 'Completed', NULL, NULL, '2026-03-16 04:11:13'),
(861, 261, 83, 'Completed', NULL, NULL, '2026-03-16 04:11:13'),
(862, 261, 108, 'Completed', NULL, NULL, '2026-03-16 04:11:13'),
(863, 261, 89, 'Completed', NULL, NULL, '2026-03-16 04:11:13'),
(864, 262, 83, 'Completed', NULL, NULL, '2026-03-16 04:11:13'),
(865, 262, 108, 'Completed', NULL, NULL, '2026-03-16 04:11:13'),
(866, 262, 89, 'Completed', NULL, NULL, '2026-03-16 04:11:13'),
(867, 263, 61, 'Completed', NULL, NULL, '2026-03-16 04:11:13'),
(868, 263, 106, 'Completed', NULL, NULL, '2026-03-16 04:11:13'),
(869, 263, 91, 'Completed', NULL, NULL, '2026-03-16 04:11:13'),
(870, 264, 94, 'Completed', NULL, NULL, '2026-03-16 04:11:13'),
(871, 264, 51, 'Completed', NULL, NULL, '2026-03-16 04:11:13'),
(872, 264, 89, 'Completed', NULL, NULL, '2026-03-16 04:11:13'),
(873, 265, 97, 'Completed', NULL, NULL, '2026-03-16 04:11:13'),
(874, 265, 99, 'Completed', NULL, NULL, '2026-03-16 04:11:13'),
(875, 266, 94, 'Completed', NULL, NULL, '2026-03-16 04:11:13'),
(876, 266, 51, 'Completed', NULL, NULL, '2026-03-16 04:11:13'),
(877, 266, 89, 'Completed', NULL, NULL, '2026-03-16 04:11:13'),
(878, 267, 92, 'Completed', NULL, NULL, '2026-03-16 04:11:13'),
(879, 267, 95, 'Completed', NULL, NULL, '2026-03-16 04:11:13'),
(880, 268, 91, 'Completed', NULL, NULL, '2026-03-16 04:11:13'),
(881, 269, 72, 'Completed', NULL, NULL, '2026-03-16 04:11:13'),
(882, 269, 107, 'Completed', NULL, NULL, '2026-03-16 04:11:13'),
(883, 269, 92, 'Completed', NULL, NULL, '2026-03-16 04:11:13'),
(884, 270, 92, 'Completed', NULL, NULL, '2026-03-16 04:11:13'),
(885, 271, 83, 'Completed', NULL, NULL, '2026-03-16 04:11:13'),
(886, 271, 108, 'Completed', NULL, NULL, '2026-03-16 04:11:13'),
(887, 272, 83, 'Completed', NULL, NULL, '2026-03-16 04:11:13'),
(888, 272, 92, 'Completed', NULL, NULL, '2026-03-16 04:11:13'),
(889, 272, 103, 'Completed', NULL, NULL, '2026-03-16 04:11:13'),
(890, 273, 94, 'Completed', NULL, NULL, '2026-03-16 04:11:13'),
(891, 273, 51, 'Completed', NULL, NULL, '2026-03-16 04:11:13'),
(892, 274, 94, 'Completed', NULL, NULL, '2026-03-16 04:11:13'),
(893, 274, 51, 'Completed', NULL, NULL, '2026-03-16 04:11:13'),
(894, 274, 82, 'Completed', NULL, NULL, '2026-03-16 04:11:13'),
(895, 274, 85, 'Completed', NULL, NULL, '2026-03-16 04:11:13'),
(896, 274, 89, 'Completed', NULL, NULL, '2026-03-16 04:11:13'),
(897, 275, 61, 'Completed', NULL, NULL, '2026-03-16 04:11:13'),
(898, 275, 106, 'Completed', NULL, NULL, '2026-03-16 04:11:13'),
(899, 275, 85, 'Completed', NULL, NULL, '2026-03-16 04:11:13'),
(900, 276, 68, 'Completed', NULL, NULL, '2026-03-16 04:11:13'),
(901, 276, 103, 'Completed', NULL, NULL, '2026-03-16 04:11:13'),
(902, 277, 61, 'Completed', NULL, NULL, '2026-03-16 04:11:13'),
(903, 277, 106, 'Completed', NULL, NULL, '2026-03-16 04:11:13'),
(904, 277, 91, 'Completed', NULL, NULL, '2026-03-16 04:11:13'),
(905, 277, 89, 'Completed', NULL, NULL, '2026-03-16 04:11:13'),
(906, 278, 72, 'Completed', NULL, NULL, '2026-03-16 04:11:13'),
(907, 278, 107, 'Completed', NULL, NULL, '2026-03-16 04:11:13'),
(908, 278, 86, 'Completed', NULL, NULL, '2026-03-16 04:11:13'),
(909, 278, 79, 'Completed', NULL, NULL, '2026-03-16 04:11:13'),
(910, 279, 61, 'Completed', NULL, NULL, '2026-03-16 04:11:13'),
(911, 279, 106, 'Completed', NULL, NULL, '2026-03-16 04:11:13'),
(912, 279, 75, 'Completed', NULL, NULL, '2026-03-16 04:11:13'),
(913, 280, 85, 'Completed', NULL, NULL, '2026-03-16 04:11:13'),
(914, 281, 68, 'Completed', NULL, NULL, '2026-03-16 04:11:13'),
(915, 281, 97, 'Completed', NULL, NULL, '2026-03-16 04:11:13'),
(916, 282, 64, 'Completed', NULL, NULL, '2026-03-16 04:11:13'),
(917, 282, 75, 'Completed', NULL, NULL, '2026-03-16 04:11:13'),
(918, 282, 89, 'Completed', NULL, NULL, '2026-03-16 04:11:13'),
(919, 283, 88, 'Completed', NULL, NULL, '2026-03-16 04:11:13'),
(920, 284, 88, 'Completed', NULL, NULL, '2026-03-16 04:11:13'),
(921, 284, 97, 'Completed', NULL, NULL, '2026-03-16 04:11:13'),
(922, 285, 53, 'Completed', NULL, NULL, '2026-03-16 04:11:13'),
(923, 285, 100, 'Completed', NULL, NULL, '2026-03-16 04:11:13'),
(924, 286, 60, 'Completed', NULL, NULL, '2026-03-16 04:11:13'),
(925, 286, 5, 'Completed', NULL, NULL, '2026-03-16 04:11:13'),
(926, 286, 6, 'Completed', NULL, NULL, '2026-03-16 04:11:13'),
(927, 286, 53, 'Completed', NULL, NULL, '2026-03-16 04:11:13'),
(928, 286, 34, 'Completed', NULL, NULL, '2026-03-16 04:11:13'),
(929, 286, 81, 'Completed', NULL, NULL, '2026-03-16 04:11:13'),
(930, 286, 89, 'Completed', NULL, NULL, '2026-03-16 04:11:13'),
(931, 286, 43, 'Completed', NULL, NULL, '2026-03-16 04:11:13'),
(932, 287, 53, 'Completed', NULL, NULL, '2026-03-16 04:11:13'),
(933, 287, 56, 'Completed', NULL, NULL, '2026-03-16 04:11:13'),
(934, 288, 53, 'Completed', NULL, NULL, '2026-03-16 04:11:13'),
(935, 288, 57, 'Completed', NULL, NULL, '2026-03-16 04:11:13'),
(936, 288, 76, 'Completed', NULL, NULL, '2026-03-16 04:11:13'),
(937, 288, 84, 'Completed', NULL, NULL, '2026-03-16 04:11:13'),
(938, 288, 87, 'Completed', NULL, NULL, '2026-03-16 04:11:13'),
(939, 288, 89, 'Completed', NULL, NULL, '2026-03-16 04:11:13'),
(940, 289, 68, 'Completed', NULL, NULL, '2026-03-16 04:11:13'),
(941, 289, 82, 'Completed', NULL, NULL, '2026-03-16 04:11:13'),
(942, 290, 53, 'Completed', NULL, NULL, '2026-03-16 04:11:13'),
(943, 290, 81, 'Completed', NULL, NULL, '2026-03-16 04:11:13'),
(944, 290, 86, 'Completed', NULL, NULL, '2026-03-16 04:11:13'),
(945, 290, 89, 'Completed', NULL, NULL, '2026-03-16 04:11:13'),
(946, 291, 97, 'Completed', NULL, NULL, '2026-03-16 04:11:13'),
(947, 292, 53, 'Completed', NULL, NULL, '2026-03-16 04:11:13'),
(948, 292, 59, 'Completed', NULL, NULL, '2026-03-16 04:11:13'),
(949, 292, 78, 'Completed', NULL, NULL, '2026-03-16 04:11:13'),
(950, 292, 76, 'Completed', NULL, NULL, '2026-03-16 04:11:13'),
(951, 292, 89, 'Completed', NULL, NULL, '2026-03-16 04:11:13'),
(952, 293, 1, 'Completed', NULL, NULL, '2026-03-16 04:11:13'),
(953, 293, 53, 'Completed', NULL, NULL, '2026-03-16 04:11:13'),
(954, 293, 77, 'Completed', NULL, NULL, '2026-03-16 04:11:13'),
(955, 293, 81, 'Completed', NULL, NULL, '2026-03-16 04:11:13'),
(956, 293, 85, 'Completed', NULL, NULL, '2026-03-16 04:11:13'),
(957, 293, 80, 'Completed', NULL, NULL, '2026-03-16 04:11:13'),
(958, 293, 96, 'Completed', NULL, NULL, '2026-03-16 04:11:13'),
(959, 294, 53, 'Completed', NULL, NULL, '2026-03-16 04:11:13'),
(960, 294, 75, 'Completed', NULL, NULL, '2026-03-16 04:11:13'),
(961, 294, 80, 'Completed', NULL, NULL, '2026-03-16 04:11:13'),
(962, 294, 89, 'Completed', NULL, NULL, '2026-03-16 04:11:13'),
(963, 295, 75, 'Completed', NULL, NULL, '2026-03-16 04:11:13'),
(964, 295, 99, 'Completed', NULL, NULL, '2026-03-16 04:11:13'),
(965, 296, 53, 'Completed', NULL, NULL, '2026-03-16 04:11:13'),
(966, 296, 76, 'Completed', NULL, NULL, '2026-03-16 04:11:13'),
(967, 296, 96, 'Completed', NULL, NULL, '2026-03-16 04:11:13'),
(968, 297, 54, 'Completed', NULL, NULL, '2026-03-16 04:11:13'),
(969, 297, 68, 'Completed', NULL, NULL, '2026-03-16 04:11:13'),
(970, 297, 77, 'Completed', NULL, NULL, '2026-03-16 04:11:13'),
(971, 297, 102, 'Completed', NULL, NULL, '2026-03-16 04:11:13'),
(972, 297, 89, 'Completed', NULL, NULL, '2026-03-16 04:11:13'),
(973, 298, 75, 'Completed', NULL, NULL, '2026-03-16 04:11:13'),
(974, 298, 96, 'Completed', NULL, NULL, '2026-03-16 04:11:13'),
(975, 299, 1, 'Completed', NULL, NULL, '2026-03-16 04:11:13'),
(976, 299, 53, 'Completed', NULL, NULL, '2026-03-16 04:11:13'),
(977, 299, 81, 'Completed', NULL, NULL, '2026-03-16 04:11:13'),
(978, 299, 77, 'Completed', NULL, NULL, '2026-03-16 04:11:13'),
(979, 300, 53, 'Completed', NULL, NULL, '2026-03-16 04:11:13'),
(980, 300, 97, 'Completed', NULL, NULL, '2026-03-16 04:11:13'),
(981, 300, 99, 'Completed', NULL, NULL, '2026-03-16 04:11:13'),
(982, 301, 53, 'Completed', NULL, NULL, '2026-03-16 04:11:13'),
(983, 301, 89, 'Completed', NULL, NULL, '2026-03-16 04:11:13'),
(984, 302, 2, 'Completed', NULL, NULL, '2026-03-16 04:11:13'),
(985, 302, 53, 'Completed', NULL, NULL, '2026-03-16 04:11:13'),
(986, 302, 90, 'Completed', NULL, NULL, '2026-03-16 04:11:13'),
(987, 303, 1, 'Completed', NULL, NULL, '2026-03-16 04:11:13'),
(988, 303, 53, 'Completed', NULL, NULL, '2026-03-16 04:11:13'),
(989, 303, 87, 'Completed', NULL, NULL, '2026-03-16 04:11:13'),
(990, 303, 89, 'Completed', NULL, NULL, '2026-03-16 04:11:13'),
(991, 304, 2, 'Completed', NULL, NULL, '2026-03-16 04:11:13'),
(992, 304, 86, 'Completed', NULL, NULL, '2026-03-16 04:11:13'),
(993, 304, 79, 'Completed', NULL, NULL, '2026-03-16 04:11:13'),
(994, 304, 97, 'Completed', NULL, NULL, '2026-03-16 04:11:13'),
(995, 305, 60, 'Completed', NULL, NULL, '2026-03-16 04:11:13'),
(996, 305, 75, 'Completed', NULL, NULL, '2026-03-16 04:11:13'),
(997, 305, 77, 'Completed', NULL, NULL, '2026-03-16 04:11:13'),
(998, 305, 86, 'Completed', NULL, NULL, '2026-03-16 04:11:13'),
(999, 305, 96, 'Completed', NULL, NULL, '2026-03-16 04:11:13'),
(1000, 305, 39, 'Completed', NULL, NULL, '2026-03-16 04:11:13'),
(1001, 306, 53, 'Completed', NULL, NULL, '2026-03-16 04:11:13'),
(1002, 306, 68, 'Completed', NULL, NULL, '2026-03-16 04:11:13'),
(1003, 306, 86, 'Completed', NULL, NULL, '2026-03-16 04:11:13'),
(1004, 306, 79, 'Completed', NULL, NULL, '2026-03-16 04:11:13'),
(1005, 306, 39, 'Completed', NULL, NULL, '2026-03-16 04:11:13'),
(1006, 307, 68, 'Completed', NULL, NULL, '2026-03-16 04:11:13'),
(1007, 307, 81, 'Completed', NULL, NULL, '2026-03-16 04:11:13'),
(1008, 307, 85, 'Completed', NULL, NULL, '2026-03-16 04:11:13'),
(1009, 307, 80, 'Completed', NULL, NULL, '2026-03-16 04:11:13'),
(1010, 307, 89, 'Completed', NULL, NULL, '2026-03-16 04:11:13'),
(1011, 308, 98, 'Completed', NULL, NULL, '2026-03-16 04:11:13'),
(1012, 309, 7, 'Completed', NULL, NULL, '2026-03-16 04:11:13'),
(1013, 309, 56, 'Completed', NULL, NULL, '2026-03-16 04:11:13'),
(1014, 309, 15, 'Completed', NULL, NULL, '2026-03-16 04:11:13'),
(1015, 309, 77, 'Completed', NULL, NULL, '2026-03-16 04:11:13'),
(1016, 309, 101, 'Completed', NULL, NULL, '2026-03-16 04:11:13'),
(1017, 309, 89, 'Completed', NULL, NULL, '2026-03-16 04:11:13'),
(1018, 310, 5, 'Completed', NULL, NULL, '2026-03-16 04:11:13'),
(1019, 310, 6, 'Completed', NULL, NULL, '2026-03-16 04:11:13'),
(1020, 310, 53, 'Completed', NULL, NULL, '2026-03-16 04:11:13'),
(1021, 310, 34, 'Completed', NULL, NULL, '2026-03-16 04:11:13'),
(1022, 310, 87, 'Completed', NULL, NULL, '2026-03-16 04:11:13'),
(1023, 310, 97, 'Completed', NULL, NULL, '2026-03-16 04:11:13'),
(1024, 310, 39, 'Completed', NULL, NULL, '2026-03-16 04:11:13'),
(1025, 311, 60, 'Completed', NULL, NULL, '2026-03-16 04:11:13'),
(1026, 311, 54, 'Completed', NULL, NULL, '2026-03-16 04:11:13'),
(1027, 311, 81, 'Completed', NULL, NULL, '2026-03-16 04:11:13'),
(1028, 311, 101, 'Completed', NULL, NULL, '2026-03-16 04:11:13'),
(1029, 311, 37, 'Completed', NULL, NULL, '2026-03-16 04:11:13'),
(1030, 311, 43, 'Completed', NULL, NULL, '2026-03-16 04:11:13'),
(1031, 312, 54, 'Completed', NULL, NULL, '2026-03-16 04:11:13'),
(1032, 312, 97, 'Completed', NULL, NULL, '2026-03-16 04:11:13'),
(1033, 313, 54, 'Completed', NULL, NULL, '2026-03-16 04:11:13'),
(1034, 313, 14, 'Completed', NULL, NULL, '2026-03-16 04:11:13'),
(1035, 313, 78, 'Completed', NULL, NULL, '2026-03-16 04:11:13'),
(1036, 313, 76, 'Completed', NULL, NULL, '2026-03-16 04:11:13'),
(1037, 313, 84, 'Completed', NULL, NULL, '2026-03-16 04:11:13'),
(1038, 313, 97, 'Completed', NULL, NULL, '2026-03-16 04:11:13'),
(1039, 313, 102, 'Completed', NULL, NULL, '2026-03-16 04:11:13'),
(1040, 314, 54, 'Completed', NULL, NULL, '2026-03-16 04:11:13'),
(1041, 314, 85, 'Completed', NULL, NULL, '2026-03-16 04:11:13'),
(1042, 315, 60, 'Completed', NULL, NULL, '2026-03-16 04:11:13'),
(1043, 315, 77, 'Completed', NULL, NULL, '2026-03-16 04:11:13'),
(1044, 315, 31, 'Completed', NULL, NULL, '2026-03-16 04:11:13'),
(1045, 315, 80, 'Completed', NULL, NULL, '2026-03-16 04:11:13'),
(1046, 315, 97, 'Completed', NULL, NULL, '2026-03-16 04:11:13'),
(1047, 315, 39, 'Completed', NULL, NULL, '2026-03-16 04:11:13'),
(1048, 316, 60, 'Completed', NULL, NULL, '2026-03-16 04:11:13'),
(1049, 316, 78, 'Completed', NULL, NULL, '2026-03-16 04:11:13'),
(1050, 316, 76, 'Completed', NULL, NULL, '2026-03-16 04:11:13'),
(1051, 316, 77, 'Completed', NULL, NULL, '2026-03-16 04:11:13'),
(1052, 316, 89, 'Completed', NULL, NULL, '2026-03-16 04:11:13'),
(1053, 317, 54, 'Completed', NULL, NULL, '2026-03-16 04:11:13'),
(1054, 317, 68, 'Completed', NULL, NULL, '2026-03-16 04:11:13'),
(1055, 317, 87, 'Completed', NULL, NULL, '2026-03-16 04:11:13'),
(1056, 317, 89, 'Completed', NULL, NULL, '2026-03-16 04:11:13'),
(1057, 318, 54, 'Completed', NULL, NULL, '2026-03-16 04:11:13'),
(1058, 319, 31, 'Completed', NULL, NULL, '2026-03-16 04:11:13'),
(1059, 320, 54, 'Completed', NULL, NULL, '2026-03-16 04:11:13'),
(1060, 320, 90, 'Completed', NULL, NULL, '2026-03-16 04:11:13'),
(1061, 321, 54, 'Completed', NULL, NULL, '2026-03-16 04:11:13'),
(1062, 321, 78, 'Completed', NULL, NULL, '2026-03-16 04:11:13'),
(1063, 321, 76, 'Completed', NULL, NULL, '2026-03-16 04:11:13'),
(1064, 321, 97, 'Completed', NULL, NULL, '2026-03-16 04:11:13'),
(1065, 321, 89, 'Completed', NULL, NULL, '2026-03-16 04:11:13'),
(1066, 322, 5, 'Completed', NULL, NULL, '2026-03-16 04:11:13'),
(1067, 322, 6, 'Completed', NULL, NULL, '2026-03-16 04:11:13'),
(1068, 322, 14, 'Completed', NULL, NULL, '2026-03-16 04:11:13'),
(1069, 323, 86, 'Completed', NULL, NULL, '2026-03-16 04:11:13'),
(1070, 323, 31, 'Completed', NULL, NULL, '2026-03-16 04:11:13'),
(1071, 323, 89, 'Completed', NULL, NULL, '2026-03-16 04:11:13'),
(1072, 324, 54, 'Completed', NULL, NULL, '2026-03-16 04:11:13'),
(1073, 324, 31, 'Completed', NULL, NULL, '2026-03-16 04:11:13'),
(1074, 325, 54, 'Completed', NULL, NULL, '2026-03-16 04:11:13'),
(1075, 325, 31, 'Completed', NULL, NULL, '2026-03-16 04:11:13'),
(1076, 325, 80, 'Completed', NULL, NULL, '2026-03-16 04:11:13'),
(1077, 325, 97, 'Completed', NULL, NULL, '2026-03-16 04:11:13'),
(1078, 326, 16, 'Completed', NULL, NULL, '2026-03-16 04:11:13'),
(1079, 326, 102, 'Completed', NULL, NULL, '2026-03-16 04:11:13'),
(1080, 326, 89, 'Completed', NULL, NULL, '2026-03-16 04:11:13'),
(1081, 327, 88, 'Completed', NULL, NULL, '2026-03-16 04:11:13'),
(1082, 327, 96, 'Completed', NULL, NULL, '2026-03-16 04:11:13'),
(1083, 328, 98, 'Completed', NULL, NULL, '2026-03-16 04:11:13'),
(1084, 329, 100, 'Completed', NULL, NULL, '2026-03-16 04:11:13'),
(1085, 329, 37, 'Completed', NULL, NULL, '2026-03-16 04:11:13'),
(1086, 329, 89, 'Completed', NULL, NULL, '2026-03-16 04:11:13'),
(1087, 330, 85, 'Completed', NULL, NULL, '2026-03-16 04:11:13'),
(1088, 330, 100, 'Completed', NULL, NULL, '2026-03-16 04:11:13'),
(1089, 330, 39, 'Completed', NULL, NULL, '2026-03-16 04:11:13'),
(1090, 331, 6, 'Completed', NULL, NULL, '2026-03-16 04:11:13'),
(1091, 331, 77, 'Completed', NULL, NULL, '2026-03-16 04:11:13'),
(1092, 331, 86, 'Completed', NULL, NULL, '2026-03-16 04:11:13'),
(1093, 331, 89, 'Completed', NULL, NULL, '2026-03-16 04:11:13'),
(1094, 332, 78, 'Completed', NULL, NULL, '2026-03-16 04:11:13'),
(1095, 332, 76, 'Completed', NULL, NULL, '2026-03-16 04:11:13'),
(1096, 332, 85, 'Completed', NULL, NULL, '2026-03-16 04:11:13'),
(1097, 333, 78, 'Completed', NULL, NULL, '2026-03-16 04:11:13'),
(1098, 333, 76, 'Completed', NULL, NULL, '2026-03-16 04:11:13'),
(1099, 333, 81, 'Completed', NULL, NULL, '2026-03-16 04:11:13'),
(1100, 333, 90, 'Completed', NULL, NULL, '2026-03-16 04:11:13'),
(1101, 333, 95, 'Completed', NULL, NULL, '2026-03-16 04:11:13'),
(1102, 333, 103, 'Completed', NULL, NULL, '2026-03-16 04:11:13'),
(1103, 333, 43, 'Completed', NULL, NULL, '2026-03-16 04:11:13'),
(1104, 334, 100, 'Completed', NULL, NULL, '2026-03-16 04:11:13'),
(1105, 334, 87, 'Completed', NULL, NULL, '2026-03-16 04:11:13'),
(1106, 334, 97, 'Completed', NULL, NULL, '2026-03-16 04:11:13'),
(1107, 334, 99, 'Completed', NULL, NULL, '2026-03-16 04:11:13'),
(1108, 335, 77, 'Completed', NULL, NULL, '2026-03-16 04:11:13'),
(1109, 335, 86, 'Completed', NULL, NULL, '2026-03-16 04:11:13'),
(1110, 335, 90, 'Completed', NULL, NULL, '2026-03-16 04:11:13'),
(1111, 335, 39, 'Completed', NULL, NULL, '2026-03-16 04:11:13'),
(1112, 336, 86, 'Completed', NULL, NULL, '2026-03-16 04:11:13'),
(1113, 336, 97, 'Completed', NULL, NULL, '2026-03-16 04:11:13'),
(1114, 337, 85, 'Completed', NULL, NULL, '2026-03-16 04:11:13'),
(1115, 337, 96, 'Completed', NULL, NULL, '2026-03-16 04:11:13'),
(1116, 338, 75, 'Completed', NULL, NULL, '2026-03-16 04:11:13'),
(1117, 338, 20, 'Completed', NULL, NULL, '2026-03-16 04:11:13'),
(1118, 338, 97, 'Completed', NULL, NULL, '2026-03-16 04:11:13'),
(1119, 338, 102, 'Completed', NULL, NULL, '2026-03-16 04:11:13'),
(1120, 339, 68, 'Completed', NULL, NULL, '2026-03-16 04:11:13'),
(1121, 339, 79, 'Completed', NULL, NULL, '2026-03-16 04:11:13'),
(1122, 339, 89, 'Completed', NULL, NULL, '2026-03-16 04:11:13'),
(1123, 340, 95, 'Completed', NULL, NULL, '2026-03-16 04:11:13'),
(1124, 340, 99, 'Completed', NULL, NULL, '2026-03-16 04:11:13'),
(1125, 340, 102, 'Completed', NULL, NULL, '2026-03-16 04:11:13'),
(1126, 340, 89, 'Completed', NULL, NULL, '2026-03-16 04:11:13'),
(1127, 341, 68, 'Completed', NULL, NULL, '2026-03-16 04:11:13'),
(1128, 341, 20, 'Completed', NULL, NULL, '2026-03-16 04:11:13'),
(1129, 341, 87, 'Completed', NULL, NULL, '2026-03-16 04:11:13'),
(1130, 341, 103, 'Completed', NULL, NULL, '2026-03-16 04:11:13'),
(1131, 341, 89, 'Completed', NULL, NULL, '2026-03-16 04:11:13'),
(1132, 342, 12, 'Completed', NULL, NULL, '2026-03-16 04:11:13'),
(1133, 343, 53, 'Completed', NULL, NULL, '2026-03-16 04:11:13'),
(1134, 343, 30, 'Completed', NULL, NULL, '2026-03-16 04:11:13'),
(1135, 344, 1, 'Completed', NULL, NULL, '2026-03-16 04:11:13'),
(1136, 344, 3, 'Completed', NULL, NULL, '2026-03-16 04:11:13'),
(1137, 344, 53, 'Completed', NULL, NULL, '2026-03-16 04:11:13'),
(1138, 344, 54, 'Completed', NULL, NULL, '2026-03-16 04:11:13'),
(1139, 344, 29, 'Completed', NULL, NULL, '2026-03-16 04:11:13'),
(1140, 345, 1, 'Completed', NULL, NULL, '2026-03-16 04:11:13'),
(1141, 345, 53, 'Completed', NULL, NULL, '2026-03-16 04:11:13'),
(1142, 345, 29, 'Completed', NULL, NULL, '2026-03-16 04:11:13'),
(1143, 346, 53, 'Completed', NULL, NULL, '2026-03-16 04:11:13'),
(1144, 346, 54, 'Completed', NULL, NULL, '2026-03-16 04:11:13'),
(1145, 347, 51, 'Completed', NULL, NULL, '2026-03-16 04:11:13'),
(1146, 347, 28, 'Completed', NULL, NULL, '2026-03-16 04:11:13'),
(1147, 349, 4, 'Completed', NULL, NULL, '2026-03-16 04:11:13'),
(1148, 349, 25, 'Completed', NULL, NULL, '2026-03-16 04:11:13'),
(1149, 351, 54, 'Completed', NULL, NULL, '2026-03-16 04:11:13'),
(1150, 352, 13, 'Completed', NULL, NULL, '2026-03-16 04:11:13'),
(1151, 353, 54, 'Completed', NULL, NULL, '2026-03-16 04:11:13'),
(1152, 354, 11, 'Completed', NULL, NULL, '2026-03-16 04:11:13'),
(1153, 355, 106, 'Completed', NULL, NULL, '2026-03-16 04:11:13'),
(1154, 355, 53, 'Completed', NULL, NULL, '2026-03-16 04:11:13'),
(1155, 356, 52, 'Completed', NULL, NULL, '2026-03-16 04:11:13'),
(1156, 360, 106, 'Completed', NULL, NULL, '2026-03-16 04:11:13'),
(1157, 363, 106, 'Completed', NULL, NULL, '2026-03-16 04:11:13'),
(1158, 364, 53, 'Completed', NULL, NULL, '2026-03-16 04:11:13'),
(1159, 367, 53, 'Completed', NULL, NULL, '2026-03-16 04:11:13'),
(1160, 369, 54, 'Completed', NULL, NULL, '2026-03-16 04:11:13'),
(1161, 370, 53, 'Completed', NULL, NULL, '2026-03-16 04:11:13'),
(1162, 371, 51, 'Completed', NULL, NULL, '2026-03-16 04:11:13'),
(1163, 373, 54, 'Completed', NULL, NULL, '2026-03-16 04:11:13'),
(1164, 378, 106, 'Completed', NULL, NULL, '2026-03-16 04:11:13'),
(1165, 379, 106, 'Completed', NULL, NULL, '2026-03-16 04:11:13'),
(1166, 379, 54, 'Completed', NULL, NULL, '2026-03-16 04:11:13'),
(1167, 381, 52, 'Completed', NULL, NULL, '2026-03-16 04:11:13'),
(1168, 382, 106, 'Completed', NULL, NULL, '2026-03-16 04:11:13'),
(1169, 382, 53, 'Completed', NULL, NULL, '2026-03-16 04:11:13'),
(1170, 383, 6, 'Completed', NULL, NULL, '2026-03-16 04:11:13'),
(1171, 384, 106, 'Completed', NULL, NULL, '2026-03-16 04:11:13'),
(1172, 386, 51, 'Completed', NULL, NULL, '2026-03-16 04:11:13'),
(1173, 387, 54, 'Completed', NULL, NULL, '2026-03-16 04:11:13'),
(1174, 390, 106, 'Completed', NULL, NULL, '2026-03-16 04:11:13'),
(1175, 395, 51, 'Completed', NULL, NULL, '2026-03-16 04:11:13'),
(1176, 396, 52, 'Completed', NULL, NULL, '2026-03-16 04:11:13'),
(1177, 400, 105, 'Completed', NULL, NULL, '2026-03-16 04:11:13'),
(1178, 401, 105, 'Completed', NULL, NULL, '2026-03-16 04:11:13'),
(1179, 403, 3, 'Completed', NULL, NULL, '2026-03-16 04:11:13'),
(1180, 403, 16, 'Completed', NULL, NULL, '2026-03-16 04:11:13'),
(1181, 403, 30, 'Completed', NULL, NULL, '2026-03-16 04:11:13'),
(1182, 403, 29, 'Completed', NULL, NULL, '2026-03-16 04:11:13'),
(1183, 405, 4, 'Completed', NULL, NULL, '2026-03-16 04:11:13'),
(1184, 406, 72, 'Completed', NULL, NULL, '2026-03-16 04:11:13'),
(1185, 408, 25, 'Completed', NULL, NULL, '2026-03-16 04:11:13'),
(1186, 409, 52, 'Completed', NULL, NULL, '2026-03-16 04:11:13'),
(1187, 410, 6, 'Completed', NULL, NULL, '2026-03-16 04:11:13'),
(1188, 413, 51, 'Completed', NULL, NULL, '2026-03-16 04:11:13'),
(1189, 414, 4, 'Completed', NULL, NULL, '2026-03-16 04:11:13'),
(1190, 415, 54, 'Completed', NULL, NULL, '2026-03-16 04:11:13'),
(1191, 417, 52, 'Completed', NULL, NULL, '2026-03-16 04:11:13'),
(1192, 418, 52, 'Completed', NULL, NULL, '2026-03-16 04:11:13'),
(1193, 423, 52, 'Completed', NULL, NULL, '2026-03-16 04:11:13'),
(1194, 425, 106, 'Completed', NULL, NULL, '2026-03-16 04:11:13'),
(1195, 426, 51, 'Completed', NULL, NULL, '2026-03-16 04:11:13'),
(1196, 428, 106, 'Completed', NULL, NULL, '2026-03-16 04:11:13'),
(1197, 428, 52, 'Completed', NULL, NULL, '2026-03-16 04:11:13'),
(1198, 431, 51, 'Completed', NULL, NULL, '2026-03-16 04:11:13'),
(1199, 432, 17, 'Completed', NULL, NULL, '2026-03-16 04:11:13'),
(1200, 432, 30, 'Completed', NULL, NULL, '2026-03-16 04:11:13'),
(1201, 433, 2, 'Completed', NULL, NULL, '2026-03-16 04:11:13'),
(1202, 433, 8, 'Completed', NULL, NULL, '2026-03-16 04:11:13'),
(1203, 434, 9, 'Completed', NULL, NULL, '2026-03-16 04:11:13'),
(1204, 434, 27, 'Completed', NULL, NULL, '2026-03-16 04:11:13'),
(1205, 435, 53, 'Completed', NULL, NULL, '2026-03-16 04:11:13'),
(1206, 435, 28, 'Completed', NULL, NULL, '2026-03-16 04:11:13'),
(1207, 438, 51, 'Completed', NULL, NULL, '2026-03-16 04:11:13'),
(1208, 439, 54, 'Completed', NULL, NULL, '2026-03-16 04:11:13'),
(1209, 441, 9, 'Completed', NULL, NULL, '2026-03-16 04:11:13'),
(1210, 441, 54, 'Completed', NULL, NULL, '2026-03-16 04:11:13'),
(1211, 443, 53, 'Completed', NULL, NULL, '2026-03-16 04:11:13'),
(1212, 444, 9, 'Completed', NULL, NULL, '2026-03-16 04:11:13'),
(1213, 444, 26, 'Completed', NULL, NULL, '2026-03-16 04:11:13'),
(1214, 446, 5, 'Completed', NULL, NULL, '2026-03-16 04:11:13'),
(1215, 447, 51, 'Completed', NULL, NULL, '2026-03-16 04:11:13'),
(1216, 448, 106, 'Completed', NULL, NULL, '2026-03-16 04:11:13'),
(1217, 448, 10, 'Completed', NULL, NULL, '2026-03-16 04:11:13'),
(1218, 448, 27, 'Completed', NULL, NULL, '2026-03-16 04:11:13'),
(1219, 452, 10, 'Completed', NULL, NULL, '2026-03-16 04:11:13'),
(1220, 454, 106, 'Completed', NULL, NULL, '2026-03-16 04:11:13'),
(1221, 454, 10, 'Completed', NULL, NULL, '2026-03-16 04:11:13'),
(1222, 456, 10, 'Completed', NULL, NULL, '2026-03-16 04:11:13'),
(1223, 459, 105, 'Completed', NULL, NULL, '2026-03-16 04:11:13'),
(1224, 460, 105, 'Completed', NULL, NULL, '2026-03-16 04:11:13'),
(1225, 460, 51, 'Completed', NULL, NULL, '2026-03-16 04:11:13'),
(1226, 461, 51, 'Completed', NULL, NULL, '2026-03-16 04:11:13'),
(1227, 463, 50, 'Completed', NULL, NULL, '2026-03-16 04:11:13'),
(1228, 463, 1, 'Completed', NULL, NULL, '2026-03-16 04:11:13'),
(1229, 463, 83, 'Completed', NULL, NULL, '2026-03-16 04:11:13'),
(1230, 463, 61, 'Completed', NULL, NULL, '2026-03-16 04:11:13'),
(1231, 463, 12, 'Completed', NULL, NULL, '2026-03-16 04:11:13'),
(1232, 463, 28, 'Completed', NULL, NULL, '2026-03-16 04:11:13'),
(1233, 464, 50, 'Completed', NULL, NULL, '2026-03-16 04:11:13'),
(1234, 464, 61, 'Completed', NULL, NULL, '2026-03-16 04:11:13'),
(1235, 464, 107, 'Completed', NULL, NULL, '2026-03-16 04:11:13'),
(1236, 464, 53, 'Completed', NULL, NULL, '2026-03-16 04:11:13'),
(1237, 464, 20, 'Completed', NULL, NULL, '2026-03-16 04:11:13'),
(1238, 465, 50, 'Completed', NULL, NULL, '2026-03-16 04:11:13'),
(1239, 465, 61, 'Completed', NULL, NULL, '2026-03-16 04:11:13'),
(1240, 465, 108, 'Completed', NULL, NULL, '2026-03-16 04:11:13'),
(1241, 465, 53, 'Completed', NULL, NULL, '2026-03-16 04:11:13'),
(1242, 466, 107, 'Completed', NULL, NULL, '2026-03-16 04:11:13'),
(1243, 466, 53, 'Completed', NULL, NULL, '2026-03-16 04:11:13'),
(1244, 466, 20, 'Completed', NULL, NULL, '2026-03-16 04:11:13'),
(1245, 467, 107, 'Completed', NULL, NULL, '2026-03-16 04:11:13'),
(1246, 467, 18, 'Completed', NULL, NULL, '2026-03-16 04:11:13'),
(1247, 467, 21, 'Completed', NULL, NULL, '2026-03-16 04:11:13'),
(1248, 467, 22, 'Completed', NULL, NULL, '2026-03-16 04:11:13'),
(1249, 468, 7, 'Completed', NULL, NULL, '2026-03-16 04:11:13'),
(1250, 468, 108, 'Completed', NULL, NULL, '2026-03-16 04:11:13'),
(1251, 468, 20, 'Completed', NULL, NULL, '2026-03-16 04:11:13'),
(1252, 469, 21, 'Completed', NULL, NULL, '2026-03-16 04:11:13'),
(1253, 469, 22, 'Completed', NULL, NULL, '2026-03-16 04:11:13'),
(1254, 471, 108, 'Completed', NULL, NULL, '2026-03-16 04:11:13'),
(1255, 471, 21, 'Completed', NULL, NULL, '2026-03-16 04:11:13'),
(1256, 471, 22, 'Completed', NULL, NULL, '2026-03-16 04:11:13'),
(1257, 472, 108, 'Completed', NULL, NULL, '2026-03-16 04:11:13'),
(1258, 472, 20, 'Completed', NULL, NULL, '2026-03-16 04:11:13'),
(1259, 473, 50, 'Completed', NULL, NULL, '2026-03-16 04:11:13'),
(1260, 473, 61, 'Completed', NULL, NULL, '2026-03-16 04:11:13'),
(1261, 473, 21, 'Completed', NULL, NULL, '2026-03-16 04:11:13'),
(1262, 473, 22, 'Completed', NULL, NULL, '2026-03-16 04:11:13'),
(1263, 474, 50, 'Completed', NULL, NULL, '2026-03-16 04:11:13'),
(1264, 474, 61, 'Completed', NULL, NULL, '2026-03-16 04:11:13'),
(1265, 474, 108, 'Completed', NULL, NULL, '2026-03-16 04:11:13'),
(1266, 474, 20, 'Completed', NULL, NULL, '2026-03-16 04:11:13'),
(1267, 475, 50, 'Completed', NULL, NULL, '2026-03-16 04:11:13'),
(1268, 475, 61, 'Completed', NULL, NULL, '2026-03-16 04:11:13'),
(1269, 475, 7, 'Completed', NULL, NULL, '2026-03-16 04:11:13'),
(1270, 475, 20, 'Completed', NULL, NULL, '2026-03-16 04:11:13'),
(1271, 476, 50, 'Completed', NULL, NULL, '2026-03-16 04:11:13'),
(1272, 476, 61, 'Completed', NULL, NULL, '2026-03-16 04:11:13'),
(1273, 476, 107, 'Completed', NULL, NULL, '2026-03-16 04:11:13'),
(1274, 476, 53, 'Completed', NULL, NULL, '2026-03-16 04:11:13'),
(1275, 477, 107, 'Completed', NULL, NULL, '2026-03-16 04:11:13'),
(1276, 478, 15, 'Completed', NULL, NULL, '2026-03-16 04:11:13'),
(1277, 478, 21, 'Completed', NULL, NULL, '2026-03-16 04:11:13'),
(1278, 478, 22, 'Completed', NULL, NULL, '2026-03-16 04:11:13'),
(1279, 480, 107, 'Completed', NULL, NULL, '2026-03-16 04:11:13'),
(1280, 481, 21, 'Completed', NULL, NULL, '2026-03-16 04:11:13'),
(1281, 481, 22, 'Completed', NULL, NULL, '2026-03-16 04:11:13'),
(1282, 482, 50, 'Completed', NULL, NULL, '2026-03-16 04:11:13'),
(1283, 482, 61, 'Completed', NULL, NULL, '2026-03-16 04:11:13'),
(1284, 482, 12, 'Completed', NULL, NULL, '2026-03-16 04:11:13'),
(1285, 483, 12, 'Completed', NULL, NULL, '2026-03-16 04:11:13'),
(1286, 483, 16, 'Completed', NULL, NULL, '2026-03-16 04:11:13'),
(1287, 483, 19, 'Completed', NULL, NULL, '2026-03-16 04:11:13'),
(1288, 484, 50, 'Completed', NULL, NULL, '2026-03-16 04:11:13'),
(1289, 484, 61, 'Completed', NULL, NULL, '2026-03-16 04:11:13'),
(1290, 484, 2, 'Completed', NULL, NULL, '2026-03-16 04:11:13'),
(1291, 484, 108, 'Completed', NULL, NULL, '2026-03-16 04:11:13'),
(1292, 484, 53, 'Completed', NULL, NULL, '2026-03-16 04:11:13'),
(1293, 484, 20, 'Completed', NULL, NULL, '2026-03-16 04:11:13'),
(1294, 484, 28, 'Completed', NULL, NULL, '2026-03-16 04:11:13'),
(1295, 485, 107, 'Completed', NULL, NULL, '2026-03-16 04:11:13'),
(1296, 485, 53, 'Completed', NULL, NULL, '2026-03-16 04:11:13'),
(1297, 485, 21, 'Completed', NULL, NULL, '2026-03-16 04:11:13'),
(1298, 485, 22, 'Completed', NULL, NULL, '2026-03-16 04:11:13'),
(1299, 485, 23, 'Completed', NULL, NULL, '2026-03-16 04:11:13'),
(1300, 486, 53, 'Completed', NULL, NULL, '2026-03-16 04:11:13'),
(1301, 486, 20, 'Completed', NULL, NULL, '2026-03-16 04:11:13'),
(1302, 487, 107, 'Completed', NULL, NULL, '2026-03-16 04:11:13'),
(1303, 487, 18, 'Completed', NULL, NULL, '2026-03-16 04:11:13'),
(1304, 488, 20, 'Completed', NULL, NULL, '2026-03-16 04:11:13'),
(1305, 490, 21, 'Completed', NULL, NULL, '2026-03-16 04:11:13'),
(1306, 490, 22, 'Completed', NULL, NULL, '2026-03-16 04:11:13'),
(1307, 491, 108, 'Completed', NULL, NULL, '2026-03-16 04:11:13'),
(1308, 492, 20, 'Completed', NULL, NULL, '2026-03-16 04:11:13'),
(1309, 492, 24, 'Completed', NULL, NULL, '2026-03-16 04:11:13'),
(1310, 493, 107, 'Completed', NULL, NULL, '2026-03-16 04:11:13'),
(1311, 493, 20, 'Completed', NULL, NULL, '2026-03-16 04:11:13'),
(1312, 494, 108, 'Completed', NULL, NULL, '2026-03-16 04:11:13'),
(1313, 494, 20, 'Completed', NULL, NULL, '2026-03-16 04:11:13'),
(1314, 495, 21, 'Completed', NULL, NULL, '2026-03-16 04:11:13'),
(1315, 495, 22, 'Completed', NULL, NULL, '2026-03-16 04:11:13'),
(1316, 496, 108, 'Completed', NULL, NULL, '2026-03-16 04:11:13'),
(1317, 497, 108, 'Completed', NULL, NULL, '2026-03-16 04:11:13'),
(1318, 497, 24, 'Completed', NULL, NULL, '2026-03-16 04:11:13'),
(1319, 498, 108, 'Completed', NULL, NULL, '2026-03-16 04:11:13'),
(1320, 498, 53, 'Completed', NULL, NULL, '2026-03-16 04:11:13'),
(1321, 499, 107, 'Completed', NULL, NULL, '2026-03-16 04:11:13'),
(1322, 499, 24, 'Completed', NULL, NULL, '2026-03-16 04:11:13'),
(1323, 500, 53, 'Completed', NULL, NULL, '2026-03-16 04:11:13'),
(1324, 500, 21, 'Completed', NULL, NULL, '2026-03-16 04:11:13'),
(1325, 500, 22, 'Completed', NULL, NULL, '2026-03-16 04:11:13'),
(1326, 501, 14, 'Completed', NULL, NULL, '2026-03-16 04:11:13'),
(1327, 502, 107, 'Completed', NULL, NULL, '2026-03-16 04:11:13'),
(1328, 503, 21, 'Completed', NULL, NULL, '2026-03-16 04:11:13'),
(1329, 503, 22, 'Completed', NULL, NULL, '2026-03-16 04:11:13'),
(1330, 504, 21, 'Completed', NULL, NULL, '2026-03-16 04:11:13'),
(1331, 504, 22, 'Completed', NULL, NULL, '2026-03-16 04:11:13'),
(1332, 505, 107, 'Completed', NULL, NULL, '2026-03-16 04:11:13');

-- --------------------------------------------------------

--
-- Table structure for table `training_courses`
--

CREATE TABLE `training_courses` (
  `id` int(11) NOT NULL,
  `code` varchar(20) NOT NULL,
  `title` text NOT NULL,
  `company` varchar(10) DEFAULT 'FJB',
  `training_date` date DEFAULT NULL,
  `created_at` timestamp NOT NULL DEFAULT current_timestamp()
) ENGINE=InnoDB DEFAULT CHARSET=utf8mb4 COLLATE=utf8mb4_unicode_ci;

--
-- Dumping data for table `training_courses`
--

INSERT INTO `training_courses` (`id`, `code`, `title`, `company`, `training_date`, `created_at`) VALUES
(1, 'AA', 'SIMPOSIUM 50 TAHUN JUBLI EMAS AKAS 1974, CABARAN MENDEPANI (28-29/2/24) ISU SEMASA ALAM SEKITAR', 'FJB', NULL, '2026-03-16 04:11:13'),
(2, 'AB', 'PALM & LAURIC OILS PRICE OUTLOOK CONFERENCE & EXIBITION (POC2024) (4-6/3/24)', 'FJB', NULL, '2026-03-16 04:11:13'),
(3, 'AC', 'SEMINAR PENGURUSAN BUANGAN TERJADUAL KE ARAH KELESTARIAN ALAM SEKITAR & HANDS ON ESWIS (30/4/2024)', 'FJB', NULL, '2026-03-16 04:11:13'),
(4, 'AD', 'SEMINAR KEHORMAT PERUSAHAAN NEGERI PAHANG TAHUN 2024 (7/5/2024)', 'FJB', NULL, '2026-03-16 04:11:13'),
(5, 'AE', 'BUSINESS FINANCIAL INTELLIGENCE (8-9/5/2024)', 'FJB', NULL, '2026-03-16 04:11:13'),
(6, 'AF', 'AUTHORISED ENTRANT & STANDBY PERSON FOR CONFINED SPACE (REFRESHER) (13/5/2024)', 'FJB', NULL, '2026-03-16 04:11:13'),
(7, 'AG', 'AUTHORISED ENTRANT & STANDBY PERSON FOR CONFINED SPACE (REFRESHER) (13-15/5/2024)', 'FJB', NULL, '2026-03-16 04:11:13'),
(8, 'AH', 'AUTHORISED ENTRANT & STANDBY PERSON FOR CONFINED SPACE (REFRESHER) (15-16/5/2024)', 'FJB', NULL, '2026-03-16 04:11:13'),
(9, 'AI', 'AUTHORISED ENTRANT & STANDBY PERSON FOR CONFINED SPACE (REFRESHER) (18/5/2024)', 'FJB', NULL, '2026-03-16 04:11:13'),
(10, 'AJ', 'AUTHORISED ENTRANT & STANDBY PERSON FOR CONFINED SPACE (REFRESHER) (25/5/2024)', 'FJB', NULL, '2026-03-16 04:11:13'),
(11, 'AK', 'AUTHORISED ENTRANT & STANDBY PERSON FOR CONFINED SPACE (REFRESHER) (27/5/2024)', 'FJB', NULL, '2026-03-16 04:11:13'),
(12, 'AL', 'LOGISTIC & SUPPORT DIVISION CONFERENCE (LDSC) 2024 (27-28/5/2024)', 'FJB', NULL, '2026-03-16 04:11:13'),
(13, 'AM', 'AUTHORISED ENTRANT & STANDBY PERSON FOR CONFINED SPACE (REFRESHER) (29/5/2024)', 'FJB', NULL, '2026-03-16 04:11:13'),
(14, 'AN', 'PENJAGA JENTERA ELETRIK AO (5/2024 - 12/2024)', 'FJB', NULL, '2026-03-16 04:11:13'),
(15, 'AO', 'AUTHORISED GAS TESTER AND ENTRY SUPERVISOR FOR CONFINED SPACE (REFRESHER) (10-11/6/2024)', 'FJB', NULL, '2026-03-16 04:11:13'),
(16, 'AP', 'LSS PROJECT AT THE INNOVATION & LEAN SIX SIGMA CONVENTION (20-21/6/2024)', 'FJB', NULL, '2026-03-16 04:11:13'),
(17, 'AQ', 'INDUSTRIAL RELATION PROGRAMS: IR FOR NON - HR MANAGER (24-25/6/2024)', 'FJB', NULL, '2026-03-16 04:11:13'),
(18, 'AR', 'BOILERMAN TRAINING AT FGVPI SDN BHD, PALM OIL MILL (20-25/5/2024)', 'FJB', NULL, '2026-03-16 04:11:13'),
(19, 'AS', 'INDUSTRIAL RELATION PROGRAMS: IR FOR NON - HR MANAGER (9-10/7/2024)', 'FJB', NULL, '2026-03-16 04:11:13'),
(20, 'AT', 'ESSENTIAL MENTOR-MENTEE PROGRAM FOR SUSTAINING SAFETY CULTURE (23-24/7/2024)', 'FJB', NULL, '2026-03-16 04:11:13'),
(21, 'AU', 'CONFINED SPACE AWARENESS (CSAT) (25/7/2024)', 'FJB', NULL, '2026-03-16 04:11:13'),
(22, 'AV', 'SAFE WORKING AT HEIGHT (SWAH) (26/7/2024)', 'FJB', NULL, '2026-03-16 04:11:13'),
(23, 'AW', 'AUTHORISED GAS TESTER AND ENTRY SUPERVISOR FOR CONFINED SPACE (26-28/7/2024)', 'FJB', NULL, '2026-03-16 04:11:13'),
(24, 'AX', 'AUTHORISED ENTRANT AND STANDBY PERSONAL FOR CONFINED SPACE (REFRESHER) (23/8/2024)', 'FJB', NULL, '2026-03-16 04:11:13'),
(25, 'AY', 'KURSUS \"WORKPLACE SUCCESS WITH BUSINESS ENGLISH\" (18-19/7/2024)', 'FJB', NULL, '2026-03-16 04:11:13'),
(26, 'AZ', 'AUTHORISED GAS TESTER AND ENTRY SUPERVISOR FOR CONFINED SPACE REFRESHER (12-13/8/2024)', 'FJB', NULL, '2026-03-16 04:11:13'),
(27, 'BA', 'AUTHORISED GAS TESTER AND ENTRY SUPERVISOR FOR CONFINED SPACE (TBC)', 'FJB', NULL, '2026-03-16 04:11:13'),
(28, 'BB', 'EFFECTIVE SCHEDULED WASTE MANAGEMENT, MINIMAZATION AND OPTIMIZATION STRATEGIES (6-7/8/2024)', 'FJB', NULL, '2026-03-16 04:11:13'),
(29, 'BC', 'SEMINAR MENGARUSPERDANAKAN ALAM SEKITAR DAN PEMANTAPAN ORANG YANG BERWIBAWA (16-17/10/2024)', 'FJB', NULL, '2026-03-16 04:11:13'),
(30, 'BD', 'EMPOWERING SAFETY AND HEALTH COMMITTEE - BATCH 2 (23-24/9/2024)', 'FJB', NULL, '2026-03-16 04:11:13'),
(31, 'BE', 'AUTHORISED ENTRANT AND STANDBY PERSON FOR CONFINED SPACE (10 - 11/7)', 'FJB', NULL, '2026-03-16 04:11:13'),
(32, 'BF', 'GLOBAL MINIMUM TAX (GMT) WORKSHOP (25 - 26/7)', 'FJB', NULL, '2026-03-16 04:11:13'),
(33, 'BG', 'Petronas CRM Campaign: Southern Region TRACE Connect Event (25/6/2024)', 'FJB', NULL, '2026-03-16 04:11:13'),
(34, 'BH', 'PROGRAM JERAYAWARA (ROADSHOW) SAWIT INTELLIGENT MANAGEMENT SAWIT (SIMS) MPOB PERINGKAT WILAYAH SELATAN (27/2/2024)', 'FJB', NULL, '2026-03-16 04:11:13'),
(35, 'BI', 'e-INVOICE GTES SYSTEM (15-18/7/2024)', 'FJB', NULL, '2026-03-16 04:11:13'),
(36, 'BJ', 'THE 38th MPOB OIL PALM PRODUCT SURVEYING COURSE AND EXAMINATION 2024 (12-18/8/2024)', 'FJB', NULL, '2026-03-16 04:11:13'),
(37, 'BK', 'KURSUS \"WORKPLACE SUCCESS WITH BUSINESS ENGLISH\" (18-19/7/2024)', 'FJB', NULL, '2026-03-16 04:11:13'),
(38, 'BL', 'TRANSFORMING INDUSTRIES WITH DELL AI SOLUTION (24/7/2024)', 'FJB', NULL, '2026-03-16 04:11:13'),
(39, 'BM', 'ROADSHOW GROUP GOVERNANCE AWARENESS 2024 (24/7/2024)', 'FJB', NULL, '2026-03-16 04:11:13'),
(40, 'BN', 'SEMINAR PERATURAN-PERATURAN KESELAMATAN DAN KESIHATAN PEKERJAAN (KERJA PEMBINAAN) (REKA BENTUK DAN PENGERUSAN) 2024 (5/8/2024)', 'FJB', NULL, '2026-03-16 04:11:13'),
(41, 'BO', 'CLEAN CITIES & URBAN DEVELOPMENT FORUM 2024 (20-21/11/2024)', 'FJB', NULL, '2026-03-16 04:11:13'),
(42, 'BP', 'JOTUN TALK : MAINTAIN STEEL INTEGRITY (7/8/2024)', 'FJB', NULL, '2026-03-16 04:11:13'),
(43, 'BQ', 'NATIONAL SEMINAR 2024-\"REVOLUSI LANSKAP KKP PASCA AKTA KESELAMATAN DAN KESIHATAN (PINDAAN) 2022 DAN AKTA KILANG DAN JENTERA (PEMANSUHAN) 2022 (13-14/8/2024)', 'FJB', NULL, '2026-03-16 04:11:13'),
(44, 'BR', 'KURSUS INDUKSI BAGI PETUGAS BARU (2/8/2024)', 'FJB', NULL, '2026-03-16 04:11:13'),
(45, 'BS', 'EFFECTIVE SCHEDULED WASTE MANAGEMENT, MINIMIZATION AND OPTIMIZATION STRATEGIES (6-7/8/2024)', 'FJB', NULL, '2026-03-16 04:11:13'),
(46, 'BT', 'SAFE HANDLING FORKLIFT (22/8/2024)', 'FJB', NULL, '2026-03-16 04:11:13'),
(47, 'BU', 'AUTHORISED ENTRANT AND STANBY PERSON FOR CONFINED SPACE (TBC)', 'FJB', NULL, '2026-03-16 04:11:13'),
(48, 'BV', 'CREATING A HIGH PERFORMANCE CULTURE WITH A POSITIVE PSYCHOLOGY (13/8/2024)', 'FJB', NULL, '2026-03-16 04:11:13'),
(49, 'Legend', 'Course Public / External Training', 'FJB', NULL, '2026-03-16 04:11:13'),
(50, 'LD1', 'Internal Leadership Development (LD1)', 'FJB', NULL, '2026-03-16 04:11:13'),
(51, 'LD10', 'Internal Leadership Development (LD10)', 'FJB', NULL, '2026-03-16 04:11:13'),
(52, 'LD11', 'Internal Leadership Development (LD11)', 'FJB', NULL, '2026-03-16 04:11:13'),
(53, 'LD12', 'Internal Leadership Development (LD12)', 'FJB', NULL, '2026-03-16 04:11:13'),
(54, 'LD13', 'Internal Leadership Development (LD13)', 'FJB', NULL, '2026-03-16 04:11:13'),
(55, 'LD14', 'Internal Leadership Development (LD14)', 'FJB', NULL, '2026-03-16 04:11:13'),
(56, 'LD15', 'Internal Leadership Development (LD15)', 'FJB', NULL, '2026-03-16 04:11:13'),
(57, 'LD16', 'Internal Leadership Development (LD16)', 'FJB', NULL, '2026-03-16 04:11:13'),
(58, 'LD17', 'Internal Leadership Development (LD17)', 'FJB', NULL, '2026-03-16 04:11:13'),
(59, 'LD18', 'Internal Leadership Development (LD18)', 'FJB', NULL, '2026-03-16 04:11:13'),
(60, 'LD19', 'Internal Leadership Development (LD19)', 'FJB', NULL, '2026-03-16 04:11:13'),
(61, 'LD2', 'Internal Leadership Development (LD2)', 'FJB', NULL, '2026-03-16 04:11:13'),
(62, 'LD20', 'Internal Leadership Development (LD20)', 'FJB', NULL, '2026-03-16 04:11:13'),
(63, 'LD21', 'Internal Leadership Development (LD21)', 'FJB', NULL, '2026-03-16 04:11:13'),
(64, 'LD22', 'Internal Leadership Development (LD22)', 'FJB', NULL, '2026-03-16 04:11:13'),
(65, 'LD23', 'Internal Leadership Development (LD23)', 'FJB', NULL, '2026-03-16 04:11:13'),
(66, 'LD24', 'Internal Leadership Development (LD24)', 'FJB', NULL, '2026-03-16 04:11:13'),
(67, 'LD25', 'Internal Leadership Development (LD25)', 'FJB', NULL, '2026-03-16 04:11:13'),
(68, 'LD26', 'Internal Leadership Development (LD26)', 'FJB', NULL, '2026-03-16 04:11:13'),
(69, 'LD27', 'Internal Leadership Development (LD27)', 'FJB', NULL, '2026-03-16 04:11:13'),
(70, 'LD28', 'Internal Leadership Development (LD28)', 'FJB', NULL, '2026-03-16 04:11:13'),
(71, 'LD29', 'Internal Leadership Development (LD29)', 'FJB', NULL, '2026-03-16 04:11:13'),
(72, 'LD3', 'Internal Leadership Development (LD3)', 'FJB', NULL, '2026-03-16 04:11:13'),
(73, 'LD30', 'Internal Leadership Development (LD30)', 'FJB', NULL, '2026-03-16 04:11:13'),
(74, 'LD31', 'Internal Leadership Development (LD31)', 'FJB', NULL, '2026-03-16 04:11:13'),
(75, 'LD32', 'Internal Leadership Development (LD32)', 'FJB', NULL, '2026-03-16 04:11:13'),
(76, 'LD33', 'Internal Leadership Development (LD33)', 'FJB', NULL, '2026-03-16 04:11:13'),
(77, 'LD34', 'Internal Leadership Development (LD34)', 'FJB', NULL, '2026-03-16 04:11:13'),
(78, 'LD35', 'Internal Leadership Development (LD35)', 'FJB', NULL, '2026-03-16 04:11:13'),
(79, 'LD36', 'Internal Leadership Development (LD36)', 'FJB', NULL, '2026-03-16 04:11:13'),
(80, 'LD37', 'Internal Leadership Development (LD37)', 'FJB', NULL, '2026-03-16 04:11:13'),
(81, 'LD38', 'Internal Leadership Development (LD38)', 'FJB', NULL, '2026-03-16 04:11:13'),
(82, 'LD39', 'Internal Leadership Development (LD39)', 'FJB', NULL, '2026-03-16 04:11:13'),
(83, 'LD4', 'Internal Leadership Development (LD4)', 'FJB', NULL, '2026-03-16 04:11:13'),
(84, 'LD40', 'Internal Leadership Development (LD40)', 'FJB', NULL, '2026-03-16 04:11:13'),
(85, 'LD41', 'Internal Leadership Development (LD41)', 'FJB', NULL, '2026-03-16 04:11:13'),
(86, 'LD42', 'Internal Leadership Development (LD42)', 'FJB', NULL, '2026-03-16 04:11:13'),
(87, 'LD43', 'Internal Leadership Development (LD43)', 'FJB', NULL, '2026-03-16 04:11:13'),
(88, 'LD44', 'Internal Leadership Development (LD44)', 'FJB', NULL, '2026-03-16 04:11:13'),
(89, 'LD45', 'Internal Leadership Development (LD45)', 'FJB', NULL, '2026-03-16 04:11:13'),
(90, 'LD46', 'Internal Leadership Development (LD46)', 'FJB', NULL, '2026-03-16 04:11:13'),
(91, 'LD47', 'Internal Leadership Development (LD47)', 'FJB', NULL, '2026-03-16 04:11:13'),
(92, 'LD48', 'Internal Leadership Development (LD48)', 'FJB', NULL, '2026-03-16 04:11:13'),
(93, 'LD49', 'Internal Leadership Development (LD49)', 'FJB', NULL, '2026-03-16 04:11:13'),
(94, 'LD5', 'Internal Leadership Development (LD5)', 'FJB', NULL, '2026-03-16 04:11:13'),
(95, 'LD50', 'Internal Leadership Development (LD50)', 'FJB', NULL, '2026-03-16 04:11:13'),
(96, 'LD51', 'Internal Leadership Development (LD51)', 'FJB', NULL, '2026-03-16 04:11:13'),
(97, 'LD52', 'Internal Leadership Development (LD52)', 'FJB', NULL, '2026-03-16 04:11:13'),
(98, 'LD53', 'Internal Leadership Development (LD53)', 'FJB', NULL, '2026-03-16 04:11:13'),
(99, 'LD54', 'Internal Leadership Development (LD54)', 'FJB', NULL, '2026-03-16 04:11:13'),
(100, 'LD55', 'Internal Leadership Development (LD55)', 'FJB', NULL, '2026-03-16 04:11:13'),
(101, 'LD56', 'Internal Leadership Development (LD56)', 'FJB', NULL, '2026-03-16 04:11:13'),
(102, 'LD57', 'Internal Leadership Development (LD57)', 'FJB', NULL, '2026-03-16 04:11:13'),
(103, 'LD58', 'Internal Leadership Development (LD58)', 'FJB', NULL, '2026-03-16 04:11:13'),
(104, 'LD59', 'Internal Leadership Development (LD59)', 'FJB', NULL, '2026-03-16 04:11:13'),
(105, 'LD6', 'Internal Leadership Development (LD6)', 'FJB', NULL, '2026-03-16 04:11:13'),
(106, 'LD7', 'Internal Leadership Development (LD7)', 'FJB', NULL, '2026-03-16 04:11:13'),
(107, 'LD8', 'Internal Leadership Development (LD8)', 'FJB', NULL, '2026-03-16 04:11:13'),
(108, 'LD9', 'Internal Leadership Development (LD9)', 'FJB', NULL, '2026-03-16 04:11:13');

-- --------------------------------------------------------

--
-- Table structure for table `update_requests`
--

CREATE TABLE `update_requests` (
  `id` int(11) NOT NULL,
  `requester_id` int(11) NOT NULL,
  `requester_name` varchar(100) NOT NULL,
  `record_type` enum('Training Record','Family Information','Staff Data') NOT NULL,
  `record_id` int(11) NOT NULL,
  `record_reference` varchar(200) NOT NULL,
  `message` text NOT NULL,
  `status` enum('Pending','Resolved','Dismissed') DEFAULT 'Pending',
  `created_at` timestamp NOT NULL DEFAULT current_timestamp(),
  `updated_at` timestamp NOT NULL DEFAULT current_timestamp() ON UPDATE current_timestamp()
) ENGINE=InnoDB DEFAULT CHARSET=utf8mb4 COLLATE=utf8mb4_unicode_ci;

-- --------------------------------------------------------

--
-- Table structure for table `users`
--

CREATE TABLE `users` (
  `id` int(11) NOT NULL,
  `staff_no` varchar(20) DEFAULT NULL,
  `name` varchar(100) NOT NULL,
  `email` varchar(150) NOT NULL,
  `password` varchar(255) NOT NULL,
  `role` enum('admin_it','admin_hr','staff') NOT NULL DEFAULT 'staff',
  `department_id` int(11) DEFAULT NULL,
  `position` varchar(150) DEFAULT NULL,
  `company` varchar(10) DEFAULT 'FJB',
  `is_active` tinyint(1) DEFAULT 1,
  `created_at` timestamp NOT NULL DEFAULT current_timestamp(),
  `updated_at` timestamp NOT NULL DEFAULT current_timestamp() ON UPDATE current_timestamp()
) ENGINE=InnoDB DEFAULT CHARSET=utf8mb4 COLLATE=utf8mb4_unicode_ci;

--
-- Dumping data for table `users`
--

INSERT INTO `users` (`id`, `staff_no`, `name`, `email`, `password`, `role`, `department_id`, `position`, `company`, `is_active`, `created_at`, `updated_at`) VALUES
(1, '0000001', 'System Administrator', 'admin@company.com', '$2y$10$92IXUNpkjO0rOQ5byMi.Ye4oKoEa3Ro9llC/.og/at2.uheWG/igi', 'admin_it', NULL, 'IT Administrator', 'FJB', 1, '2026-03-16 04:11:13', '2026-03-16 04:11:13'),
(2, '0000002', 'HR Administrator', 'hr@company.com', '$2y$12$rntC8VaN/zuHRAnVF9FTB.vFVI6LF1Qhq.fg3diijaMfeDr8IvJ/6', 'admin_hr', 1, 'HR Manager', 'FJB', 1, '2026-03-16 04:11:13', '2026-03-16 04:11:13'),
(3, '3600134', 'Hj Kamaradin Bin Selamat', 'staff@company.com', '$2y$12$xxHVShvVfjpjFcJwMDx/uOGj3BBDs1skU/05fzs32pFAmyIyJ.g6.', 'staff', 1, 'Chief Executive Officer', 'FJB', 1, '2026-03-16 04:11:13', '2026-03-16 04:11:13');

--
-- Indexes for dumped tables
--

--
-- Indexes for table `departments`
--
ALTER TABLE `departments`
  ADD PRIMARY KEY (`id`);

--
-- Indexes for table `family_members`
--
ALTER TABLE `family_members`
  ADD PRIMARY KEY (`id`),
  ADD KEY `staff_id` (`staff_id`);

--
-- Indexes for table `meeting_rooms`
--
ALTER TABLE `meeting_rooms`
  ADD PRIMARY KEY (`id`);

--
-- Indexes for table `room_bookings`
--
ALTER TABLE `room_bookings`
  ADD PRIMARY KEY (`id`),
  ADD KEY `room_id` (`room_id`),
  ADD KEY `booked_by_id` (`booked_by_id`);

--
-- Indexes for table `staff`
--
ALTER TABLE `staff`
  ADD PRIMARY KEY (`id`),
  ADD UNIQUE KEY `staff_no` (`staff_no`),
  ADD KEY `department_id` (`department_id`);

--
-- Indexes for table `system_settings`
--
ALTER TABLE `system_settings`
  ADD PRIMARY KEY (`setting_key`);

--
-- Indexes for table `training_attendances`
--
ALTER TABLE `training_attendances`
  ADD PRIMARY KEY (`id`),
  ADD UNIQUE KEY `unique_attendance` (`staff_id`,`course_id`),
  ADD KEY `course_id` (`course_id`);

--
-- Indexes for table `training_courses`
--
ALTER TABLE `training_courses`
  ADD PRIMARY KEY (`id`),
  ADD UNIQUE KEY `code` (`code`);

--
-- Indexes for table `update_requests`
--
ALTER TABLE `update_requests`
  ADD PRIMARY KEY (`id`),
  ADD KEY `requester_id` (`requester_id`);

--
-- Indexes for table `users`
--
ALTER TABLE `users`
  ADD PRIMARY KEY (`id`),
  ADD UNIQUE KEY `email` (`email`),
  ADD UNIQUE KEY `staff_no` (`staff_no`),
  ADD KEY `department_id` (`department_id`);

--
-- AUTO_INCREMENT for dumped tables
--

--
-- AUTO_INCREMENT for table `departments`
--
ALTER TABLE `departments`
  MODIFY `id` int(11) NOT NULL AUTO_INCREMENT, AUTO_INCREMENT=41;

--
-- AUTO_INCREMENT for table `family_members`
--
ALTER TABLE `family_members`
  MODIFY `id` int(11) NOT NULL AUTO_INCREMENT;

--
-- AUTO_INCREMENT for table `meeting_rooms`
--
ALTER TABLE `meeting_rooms`
  MODIFY `id` int(11) NOT NULL AUTO_INCREMENT, AUTO_INCREMENT=4;

--
-- AUTO_INCREMENT for table `room_bookings`
--
ALTER TABLE `room_bookings`
  MODIFY `id` int(11) NOT NULL AUTO_INCREMENT;

--
-- AUTO_INCREMENT for table `staff`
--
ALTER TABLE `staff`
  MODIFY `id` int(11) NOT NULL AUTO_INCREMENT, AUTO_INCREMENT=506;

--
-- AUTO_INCREMENT for table `training_attendances`
--
ALTER TABLE `training_attendances`
  MODIFY `id` int(11) NOT NULL AUTO_INCREMENT, AUTO_INCREMENT=1333;

--
-- AUTO_INCREMENT for table `training_courses`
--
ALTER TABLE `training_courses`
  MODIFY `id` int(11) NOT NULL AUTO_INCREMENT, AUTO_INCREMENT=109;

--
-- AUTO_INCREMENT for table `update_requests`
--
ALTER TABLE `update_requests`
  MODIFY `id` int(11) NOT NULL AUTO_INCREMENT;

--
-- AUTO_INCREMENT for table `users`
--
ALTER TABLE `users`
  MODIFY `id` int(11) NOT NULL AUTO_INCREMENT, AUTO_INCREMENT=4;

--
-- Constraints for dumped tables
--

--
-- Constraints for table `family_members`
--
ALTER TABLE `family_members`
  ADD CONSTRAINT `family_members_ibfk_1` FOREIGN KEY (`staff_id`) REFERENCES `staff` (`id`) ON DELETE SET NULL;

--
-- Constraints for table `room_bookings`
--
ALTER TABLE `room_bookings`
  ADD CONSTRAINT `room_bookings_ibfk_1` FOREIGN KEY (`room_id`) REFERENCES `meeting_rooms` (`id`) ON DELETE CASCADE,
  ADD CONSTRAINT `room_bookings_ibfk_2` FOREIGN KEY (`booked_by_id`) REFERENCES `users` (`id`) ON DELETE CASCADE;

--
-- Constraints for table `staff`
--
ALTER TABLE `staff`
  ADD CONSTRAINT `staff_ibfk_1` FOREIGN KEY (`department_id`) REFERENCES `departments` (`id`) ON DELETE SET NULL;

--
-- Constraints for table `training_attendances`
--
ALTER TABLE `training_attendances`
  ADD CONSTRAINT `training_attendances_ibfk_1` FOREIGN KEY (`staff_id`) REFERENCES `staff` (`id`) ON DELETE CASCADE,
  ADD CONSTRAINT `training_attendances_ibfk_2` FOREIGN KEY (`course_id`) REFERENCES `training_courses` (`id`) ON DELETE CASCADE;

--
-- Constraints for table `update_requests`
--
ALTER TABLE `update_requests`
  ADD CONSTRAINT `update_requests_ibfk_1` FOREIGN KEY (`requester_id`) REFERENCES `users` (`id`) ON DELETE CASCADE;

--
-- Constraints for table `users`
--
ALTER TABLE `users`
  ADD CONSTRAINT `users_ibfk_1` FOREIGN KEY (`department_id`) REFERENCES `departments` (`id`) ON DELETE SET NULL;

-- --------------------------------------------------------

--
-- Table structure for table `business_travel`
--

CREATE TABLE `business_travel` (
  `id` int(11) NOT NULL AUTO_INCREMENT,
  `staff_id` int(11) NOT NULL,
  `destination` varchar(200) NOT NULL,
  `purpose` varchar(300) DEFAULT NULL,
  `departure_date` date NOT NULL,
  `return_date` date NOT NULL,
  `duration_days` int(11) GENERATED ALWAYS AS (DATEDIFF(`return_date`, `departure_date`) + 1) STORED,
  `transport` varchar(50) DEFAULT NULL,
  `notes` text DEFAULT NULL,
  `created_by` int(11) DEFAULT NULL,
  `created_at` timestamp NOT NULL DEFAULT current_timestamp(),
  `updated_at` timestamp NOT NULL DEFAULT current_timestamp() ON UPDATE current_timestamp(),
  PRIMARY KEY (`id`)
) ENGINE=InnoDB DEFAULT CHARSET=utf8mb4 COLLATE=utf8mb4_unicode_ci;

--
-- Constraints for table `business_travel`
--
ALTER TABLE `business_travel`
  ADD CONSTRAINT `business_travel_ibfk_1` FOREIGN KEY (`staff_id`) REFERENCES `staff` (`id`) ON DELETE CASCADE,
  ADD CONSTRAINT `business_travel_ibfk_2` FOREIGN KEY (`created_by`) REFERENCES `users` (`id`) ON DELETE SET NULL;

COMMIT;

/*!40101 SET CHARACTER_SET_CLIENT=@OLD_CHARACTER_SET_CLIENT */;
/*!40101 SET CHARACTER_SET_RESULTS=@OLD_CHARACTER_SET_RESULTS */;
/*!40101 SET COLLATION_CONNECTION=@OLD_COLLATION_CONNECTION */;

-- --------------------------------------------------------
--
-- Table structure for table `password_resets`
--

CREATE TABLE `password_resets` (
  `id` int(11) NOT NULL AUTO_INCREMENT,
  `user_id` int(11) NOT NULL,
  `otp_code` varchar(6) NOT NULL,
  `expires_at` datetime NOT NULL,
  `used` tinyint(1) DEFAULT 0,
  `created_at` timestamp NOT NULL DEFAULT current_timestamp(),
  PRIMARY KEY (`id`),
  KEY `user_id` (`user_id`),
  CONSTRAINT `password_resets_ibfk_1` FOREIGN KEY (`user_id`) REFERENCES `users` (`id`) ON DELETE CASCADE
) ENGINE=InnoDB DEFAULT CHARSET=utf8mb4 COLLATE=utf8mb4_unicode_ci;
